"","train_332","train_336","train_337","train_342","train_343","train_344","train_350","train_353","train_366"
"Bacteroides_vulgatus",1.09193,56.62487,56.70045,7.198,15.30337,0,0,1.27594,11.1959
"Roseburia_faecis",0.0101,0,0,0,0,0,0,0,0.87241
"Ruminococcus_gnavus",0.08872,6.65287,6.1072,11.53609,14.19601,0,0,0,0.02099
"Roseburia_intestinalis",0.08366,0,0,0,0,0,0,0.40108,0.05924
"Blautia_wexlerae",0.00278,0.04834,0.02344,0.00427,0.52793,0.07855,0,0,0.00267
"Eubacterium_eligens",0.0256899999999999,0,0,0,0,0,0,0.40788,0.34616
"Bacteroides_thetaiotaomicron",0.0340699999999999,0,0,4.22492,2.26768,6.59259,0,0.14744,1.88405
"Faecalibacterium_prausnitzii",0.26344,0.19579,0.19494,0.06742,0.0627,2.94433,0,3.18977,1.85292
"Coprococcus_comes",0,0,0,0.01038,0.01279,0.01687,0,0.00121,0.05036
"Ruminococcaceae_bacterium_D16",0,0,0,0,0,0,0,0,0
"Streptococcus_thermophilus",0,0,0,0,0,0,23.74379,0,0
"Dialister_invisus",0,0,0,0,0,0.03908,0,0,0.06342
"Blautia_sp_CAG_257",0,0.01202,0.00779,0,0,0,0,0,0
"Flavonifractor_plautii",0.03422,0.49087,0.51351,4.21473,4.20811,0.00643,0,0,0.15958
"Lactococcus_lactis",0,0,0,0,0,0,0,0,0
"Escherichia_coli",7.10202,0.01876,0,0,0,0,0,0,25.53446
"Firmicutes_bacterium_CAG_94",0,0.00202,0,0,0,0,0,0,0
"Turicibacter_sanguinis",0,0,0,0,0,0,0,0,0
"Erysipelatoclostridium_ramosum",0,0.27732,0.38722,0,0,0,0,0,0
"Fusicatenibacter_saccharivorans",0,0,0,0,0,0.09235,0,0,0.0311
"Clostridium_disporicum",0,0,0,0,0,0,0,0,0
"Actinomyces_sp_ICM47",0,0,0,0,0,0,0,0,0
"Firmicutes_bacterium_CAG_646",0,0,0,0,0,0,0,0,0
"Intestinibacter_bartlettii",0,0,0.00605,0,0,0,0,0,0
"Clostridium_spiroforme",0,0,0,0,0,0,0,0,0
"Clostridium_saccharolyticum",0,0.00716,0.00043,0,0,0,0,0,0
"Dorea_formicigenerans",0,0,0,0.08939,0.14793,0,0,0,0
"Streptococcus_salivarius",0,0,0,0,0,0,1.95524,0,0.02703
"Clostridium_clostridioforme",0,0.02998,0.01119,0.23323,0.2052,0.00259,0,0,0
"Clostridium_celatum",0,0,0,0,0,0,0,0,0
"Streptococcus_pasteurianus",0,0,0,0,0,0,0,0,0
"Eggerthella_lenta",0,0.0143,0.00466,0,0,0,0,0,0
"Dorea_sp_CAG_317",0,0,0,0,0,0,0,0,0
"Propionibacterium_freudenreichii",0,0,0,0,0,0,0,0,0
"Clostridium_innocuum",0,0,0,0.05852,0.04586,0,0,0,0
"Actinomyces_sp_oral_taxon_181",0,0,0,0,0,0,0,0,0.00252
"Streptococcus_oralis",0,0,0,0,0,0,0,0,0
"Klebsiella_pneumoniae",0,0,0,0.01012,0.0369899999999999,0,0,0,0.94074
"Actinomyces_sp_HPA0247",0,0,0,0,0,0,0,0,0
"Lachnoclostridium_sp_An118",0,0,0,0,0,0,0,0,0
"Streptococcus_mitis",0,0,0,0,0,0,0,0,0.12684
"Ruthenibacterium_lactatiformans",0,0.12075,0.04332,7.73025,4.04483,0,0,0,0.01594
"Atopobium_parvulum",0,0,0,0,0,0,0,0,0
"Prevotella_copri",0,0.00234,0,0.00324,0,0,0,85.53994,22.14441
"Actinomyces_sp_S6_Spd3",0,0,0,0,0,0,0,0,0
"Collinsella_aerofaciens",0,0,0,0,0,0,0,0.02163,0.00847
"Romboutsia_ilealis",0,0,0,0,0,0,0,0,0
"Clostridiales_bacterium_CHKCI006",0,0,0,0,0,0,0,0,0
"Prevotella_sp_CAG_520",0,0,0,0,0,0,0,0,0
"Eubacterium_siraeum",0,0,0,0,0,0,0,0.01175,0.15369
"Bacteroides_uniformis",1.33883,0,0,3.49708,6.17471,5.12868,0,1.95219,3.35242
"Prevotella_sp_CAG_279",0,0,0,0,0,0,0,0,0
"Ruminococcus_bromii",0,0,0,0,0,0,0,0,0
"Phascolarctobacterium_succinatutens",0,0,0,0,0,0,0,0.12864,0
"Prevotella_sp_CAG_873",0,0,0,0,0,0,0,0,0
"Roseburia_inulinivorans",0.03515,0.00313,0,8.99453,5.50499,0.25021,0,0.42476,0.0348
"Ruminococcus_torques",0,0,0,2.54328,1.76076,0.01223,0,0,9e-04
"Bacteroides_stercoris",0,0,0,0,0,26.0498,0,0,1.19886
"Eubacterium_sp_CAG_251",0,0,0,0,0,0,0,0.29306,0.00904
"Alistipes_inops",0,0,0,0,0,0,0,0,0
"Oscillibacter_sp_57_20",0.07341,0,0,1.41472,1.37678,0,0,0.06538,0.02213
"Bacteroides_dorei",83.87661,14.29425,12.54884,0,0,0,0,0,0.85161
"Lachnospira_pectinoschiza",0,1.17617,1.18326,0,0,0.56476,0,0.26534,0.00398
"Prevotella_stercorea",0,0,0,0,0,0,0,0,0
"Bacteroides_caccae",1.97981,4.66956,5.22601,5.54435,6.22575,0,0,0.31905,1.47204
"Parabacteroides_distasonis",0.31406,0,0,0.00285,0.0281899999999999,9.88216,0,0.1226,1.46241
"Haemophilus_parainfluenzae",0,0,0,0,0,0,72.23605,0,0.03218
"Odoribacter_splanchnicus",0,0,0,0,0,0,0,0.14945,0.12646
"Firmicutes_bacterium_CAG_110",0,0,0,0,0,0,0,0.0078099999999999,0
"Coprococcus_eutactus",0,0,0,0,0,0,0,0,0.481
"Paraprevotella_xylaniphila",0,0,0,0,0,0,0,0,0.27814
"Slackia_isoflavoniconvertens",0,0,0,0,0,0,0,0,0
"Bacteroides_ovatus",0.08294,5.60837,5.57684,16.35696,14.9945,6.2396,0,0.17028,0.21963
"Bacteroides_sp_CAG_144",0,0,0,0,0,0,0,0,0
"Clostridium_sp_CAG_58",0,0,0,0.14857,0.15158,0.14024,0,0.0066799999999999,0
"Roseburia_hominis",0,0,0,0.47136,0.37286,0.16257,0,0.00981,0
"Dorea_longicatena",0,0,0,0.59962,0.65823,0.09231,0,0.0008699999999999,0.0205699999999999
"Eubacterium_sp_CAG_38",0,0,0,0,0,0,0,0,0
"Parabacteroides_merdae",0.10805,0,0,0,0,0,0,0.16752,0.30558
"Ruminococcus_lactaris",0,0,0,0,0,0,0,0,0.01305
"Gemmiger_formicilis",0,0,0,0,0,0,0,0,0
"Bifidobacterium_dentium",0,0,0,0,0,0,0,0,0
"Blautia_obeum",0,0,0,0.015,0.00937,0,0,0.0440399999999999,0.098
"Firmicutes_bacterium_CAG_83",0,0,0,0,0,0,0,0,0
"Desulfovibrio_piger",0,0,0,0,0,0,0,0,0
"Eubacterium_rectale",0.0178,1.16551,1.17113,0,0,0.26391,0,0.39325,0.52697
"Agathobaculum_butyriciproducens",0,0.03327,0.02484,0,0,0.02411,0,0,0
"Bacteroides_massiliensis",0,0,0,1.25411,0.91711,0,0,0,0.03315
"Parabacteroides_johnsonii",0,0,0,0,0,0,0,0.0842,0
"Veillonella_dispar",0,0,0,0,0,0,0,0,0
"Veillonella_infantium",0,0,0,0,0,0,0,0,0
"Veillonella_atypica",0,0.03734,0.05778,0,0,0,0,0,0
"Bacteroides_finegoldii",0,0,0,0,0,0,0,0,0.79947
"Bifidobacterium_animalis",0,0,0,0,0,0,0,0,0
"Oscillibacter_sp_CAG_241",0,0,0,0,0,0,0,0.01884,0
"Bacteroides_intestinalis",0,0,0,0,0,0,0,0.04798,0.0445
"Anaerostipes_hadrus",0,0.42983,0.49215,5.05564,3.8299,0.06435,0,0,0.04147
"Clostridium_perfringens",0,0,0,0,0,0,0,0,0
"Catenibacterium_mitsuokai",0,0,0,0,0,0,0,0.00709,0
"Streptococcus_parasanguinis",0,0.00817,0.00815,0,0,0,0,0,0.0199
"Butyricimonas_virosa",0,0,0,0,0,0,0,0.02446,0.00985
"Clostridium_sp_CAG_253",0,0,0,0,0,0,0,0,0
"Eubacterium_ventriosum",0,0,0,0,0,0,0,0.00494,0
"Firmicutes_bacterium_CAG_238",0,0,0,0,0,0,0,0,0
"Alistipes_finegoldii",0,0,0,0,0,0.44603,0,0.00963,0.18735
"Coprococcus_catus",0,0,0,0,0,0,0,0,0
"Eubacterium_hallii",0,0,0,0.71153,1.38594,0,0,0,5e-04
"Alistipes_putredinis",0.39577,4.69434,6.32094,0,0,0,0,0.00556,1.3955
"Bacteroides_fragilis",0,1.47551,1.45727,0,0,18.98568,0,0.72072,0.47516
"Bacteroides_cellulosilyticus",0,0,0,0,0,0,0,0,5.07637
"Veillonella_sp_T11011_6",0,0,0,0,0,0,0,0,0
"Eubacterium_ramulus",0,0,0,5.13844,3.87693,0.06439,0,0,0
"Holdemanella_biformis",0,0,0,0,0,0,0,0,0
"Lawsonibacter_asaccharolyticus",0,0.01291,0.00236,0.00737,0.00531,0,0,0.0033299999999999,0.01832
"Akkermansia_muciniphila",0,0,0,0,0,0.91287,0,0,0
"Eubacterium_sp_CAG_180",0,0,0,0,0,0,0,0,0
"Bacteroides_xylanisolvens",0,0.30829,0.37713,0,0,19.32337,0,0.03491,1.50507
"Ruminococcus_bicirculans",0,0,0,0,0,0,0,0,0.04725
"Monoglobus_pectinilyticus",0,0,0,0,0,0,0,0,0
"Coprobacillus_cateniformis",0,0,0,0,0,0,0,0,0
"Alistipes_shahii",0,0,0,0,0,0,0,0.00984,0.04724
"Bifidobacterium_bifidum",0,0,0,0,0,0,0,0,0
"Candidatus_Gastranaerophilales_bacterium",0,0,0,0,0,0,0,0,0
"Asaccharobacter_celatus",0,0,0,0,0,0,0,0,0
"Eisenbergiella_tayi",0,0.12746,0.10782,0.36099,0.20758,0,0,0,0
"Adlercreutzia_equolifaciens",0,0,0,0,0,0,0,0,0
"Alistipes_onderdonkii",0,0,0,0,0,0,0,0,0
"Ruminococcaceae_bacterium_D5",0,0,0,0,0,0,0,0,0
"Hungatella_hathewayi",0,0,0,3.89264,3.83475,0,0,0,0
"Bilophila_wadsworthia",0,0.02416,0.00891,0,0,0,0,0,0
"Holdemania_filiformis",0,0,0,0,0,0.00066,0,0,0
"Intestinimonas_butyriciproducens",0,0,0,0.31645,0.20022,0,0,0,0.02715
"Gordonibacter_pamelaeae",0,0,0,0,0,0,0,0,0
"Parvimonas_micra",0,0,0,0,0,0,0,0,0
"Collinsella_stercoris",0,0,0,0,0,0,0,0,0
"Eubacterium_sp_CAG_274",0,0,0,0,0,0,0,0,0
"Anaeromassilibacillus_sp_An250",0,0,0,0,0,0,0,0,0
"Flavonifractor_sp_An100",0,0,0,0,0,0,0,0,0
"Ruminococcus_obeum_CAG_39",0,0,0,0,0,0,0,0,0
"Collinsella_massiliensis",0,0,0,0,0,0,0,0,0
"Anaerotruncus_colihominis",0,0,0,0.93906,0.50265,0,0,0,0
"Roseburia_sp_CAG_471",0,0,0,0,0,0,0,0,0
"Gemella_morbillorum",0,0,0,0,0,0,0,0,0
"Collinsella_intestinalis",0,0,0,0,0,0.08714,0,0,0
"Streptococcus_milleri",0,0,0,0,0,0,0,0,0
"Harryflintia_acetispora",0,0,0,0,0,0,0,0,0
"Atopobium_rimae",0,0,0,0,0,0,0,0,0
"Clostridium_symbiosum",0,0,0,3.76078,3.74533,0.15226,0,0,0
"Enterorhabdus_caecimuris",0,0,0,0,0,0,0,0,0
"Firmicutes_bacterium_CAG_170",0,0,0,0,0,0,0,0,0
"Bifidobacterium_adolescentis",0,0.18294,0.08046,0,0,0,0,0,0.04104
"Lactobacillus_salivarius",0,0,0,0,0,0,0,0,0
"Methanobrevibacter_smithii",0,0,0,0,0,0,0,0,0
"Coprobacter_fastidiosus",0,0,0,0,0,0,0,0,0
"Bifidobacterium_scardovii",0,0,0,0,0,0,0,0,0
"Streptococcus_anginosus_group",0,0,0,0,0,0,0,0,0
"Bifidobacterium_longum",0.00398,0,0,0,0,0,0,0,2.08427
"Lactobacillus_paragasseri",0,0,0,0,0,0,0,0,0
"Lactobacillus_gasseri",0,0,0,0,0,0,0,0,0
"Parascardovia_denticolens",0,0,0,0,0,0,0,0,0
"Actinomyces_oris",0,0,0,0,0,0,0,0,0
"Lactobacillus_gastricus",0,0,0,0,0,0,0,0,0
"Streptococcus_mutans",0,0,0,0,0,0,0,0,0
"Lactobacillus_crispatus",0,0,0,0.09847,0.03888,0,0,0,0
"Lactobacillus_mucosae",0,0,0,0,0,0,0,0,0
"Lactobacillus_delbrueckii",0,0,0,0,0,0,0,0,0
"Enterococcus_faecium",0,0,0,0,0,0,0,0,0.00995
"Lactobacillus_oris",0,0,0,0,0,0,0,0,0
"Lactobacillus_fermentum",0,0,0,0,0,0,0,0,0
"Sanguibacteroides_justesenii",0,0,0,0,0,0,0,0,0
"Prevotella_sp_CAG_755",0,0,0,0,0,0,0,0,0
"Bacteroides_salyersiae",0,0,0,0,0,0,0,0,0.16567
"Barnesiella_intestinihominis",0,0,0,0,0,0,0,0.0535799999999999,0.14778
"Bacteroides_eggerthii",0,0,0,0,0,0,0,0,0.99512
"Clostridium_sp_CAG_590",0,0,0,0,0,0,0,0,0
"Ruminococcus_sp_CAG_403",0,0,0,0,0,0,0,0,0
"Roseburia_sp_CAG_309",0,0,0,0,0,0,0,0,0
"Parasutterella_excrementihominis",0,0.5144,0.50702,0,0,0.9251,0,0,0.03557
"Roseburia_sp_CAG_182",0,0,0,0,0,0,0,0,0
"Firmicutes_bacterium_CAG_95",0,0,0,0,0,0,0,0,0
"Alistipes_indistinctus",0,0,0,0,0,0,0,0,0
"Butyricimonas_synergistica",0,0,0,0,0,0,0,0,0.00157
"Clostridium_sp_CAG_167",0,0,0,0,0,0,0,0,0
"Streptococcus_vestibularis",0,0,0,0,0,0,0,0,0
"Coprobacter_secundus",0,0,0,0,0,0,0,0,0
"Gemella_sanguinis",0,0,0,0,0,0,2.06492,0,0
"Clostridium_leptum",0,0,0,0,0,0,0,0,0.01772
"Oscillibacter_sp_PC13",0,0,0,0,0,0,0,0,0
"Proteobacteria_bacterium_CAG_139",0,0.01954,0.01627,0,0,0.05217,0,0,0
"Clostridium_citroniae",0,0,0,0.01181,0.032,0,0,0,0
"Pseudoflavonifractor_capillosus",0,0,0,0,0,0,0,0,0
"Methanosphaera_stadtmanae",0,0,0,0,0,0,0,0,0
"Olsenella_scatoligenes",0,0,0,0,0,0,0,0,0
"Bacteroides_faecis",0,0,0,0,0,0,0,0,0.05584
"Victivallis_vadensis",0,0,0,0,0,0,0,0,0
"Phascolarctobacterium_faecium",0,0.05013,0.0689,0,0,0,0,0,0.03779
"Bacteroides_clarus",0,0,0,0,0,0,0,0.20825,0
"Actinomyces_odontolyticus",0,0,0,0,0,0,0,0,0
"Turicimonas_muris",0,0.00426,0,0,0,0.06656,0,0,0.00221
"Bacteroides_nordii",0,0,0,0,0,0,0,0,0.0049299999999999
"Parabacteroides_goldsteinii",0,0,0,0,0,0,0,0,0
"Clostridium_bolteae",0,0.32289,0.48825,2.00739,2.6801,0.25332,0,0,0
"Anaerotruncus_sp_CAG_528",0,0,0,0,0,0,0,0,0
"Bacteroides_coprocola",0,0,0,0,0,0,0,0,0.13369
"Bacteroides_faecis_CAG_32",0,0,0,0,0,0,0,0,0.18818
"Veillonella_parvula",0,0,0.03686,0,0,0,0,0,0
"Bacteroides_plebeius",0,0,0,0,0,0,0,0,0.2672
"Oxalobacter_formigenes",0,0,0,0,0,0,0,0,0
"Bifidobacterium_angulatum",0,0,0,0,0,0,0,0,0
"Blastocystis_sp_subtype_1",0,0,0,0,0,0,0,0,0
"Bacteroides_coprophilus",0,0,0,0,0,0,0,0,0
"Prevotella_bivia",0,0,0,0.48495,0.0523799999999999,0,0,0,0
"Allisonella_histaminiformans",0,0,0,0,0,0,0,0,0
"Paraprevotella_clara",0,0,0,0,0,0,0,0,0
"Sutterella_parvirubra",0.0017,0,0,0,0,0,0,0.08111,2.30295
"Firmicutes_bacterium_CAG_555",0,0,0,0,0,0,0,0,0
"Cloacibacillus_porcorum",0,0,0,0,0,0,0,0,0
"Bacteroides_pectinophilus",0,0,0,0,0,0,0,0,0
"Actinomyces_sp_oral_taxon_448",0,0,0,0,0,0,0,0,0
"Dialister_sp_CAG_357",0,0.04313,0.00845,0,0,0,0,0,0
"Bacteroides_sp_CAG_633",0,0,0,0,0,0,0,0,0
"Streptococcus_sobrinus",0,0,0,0,0,0,0,0,0
"Acidaminococcus_fermentans",0,0,0,0,0,0,0,0,0
"Klebsiella_variicola",0,0,0,0,0,0,0,0,0.14436
"Bifidobacterium_catenulatum",0,0,0,0,0,0,0,0,0
"Streptococcus_gordonii",0,0,0,0,0,0,0,0,0
"Enterococcus_faecalis",0,0,0,0,0,0,0,0,0.30286
"Bifidobacterium_pseudocatenulatum",0,0,0,0,0,0,0,0,0.58951
"Prevotella_sp_CAG_1185",0,0,0,0,0,0,0,0,0
"Prevotella_sp_CAG_5226",0,0,0,0,0,0,0,0,0
"Parabacteroides_sp_CAG_409",0,0,0,0,0,0,0,0,0
"Firmicutes_bacterium_CAG_145",0,0,0,0,0,0,0,0,0
"Pseudoflavonifractor_sp_An184",0,0,0,0,0,0,0,0,0
"Roseburia_sp_CAG_303",0,0,0,0,0,0,0,0,0
"Prevotella_sp_CAG_1092",0,0,0,0,0,0,0,0,0
"Streptococcus_lutetiensis",0,0,0,0,0,0,0,0,0
"Butyricicoccus_pullicaecorum",0,0,0,0,0,0,0,0,0
"Absiella_dolichum",0,0,0,0,0,0,0,0,0
"Eubacterium_dolichum_CAG_375",0,0,0,0,0,0,0,0,0
"Tyzzerella_nexilis",0,0.07557,0.06629,0,0,0,0,0,0
"Eisenbergiella_massiliensis",0,0.13888,0.12285,0.04028,0.02502,0,0,0,0
"Clostridium_sp_CAG_242",0,0,0,0,0,0,0,0,0
"Prevotella_sp_AM42_24",0,0,0,0,0,0,0,0,0
"Butyrivibrio_sp_CAG_318",0,0,0,0,0,0,0,0,0
"Alistipes_sp_An66",0,0,0,0,0,0,0,0,0
"Haemophilus_sp_HMSC71H05",0,0,0,0,0,0,0,0,0
"Megasphaera_elsdenii",0,0,0,0,0,0,0,0,0
"Acidaminococcus_intestini",0,0,0,0,0,0,0,0,0.013
"Ruminococcus_sp_CAG_330",0,0,0,0,0,0,0,0,0
"Faecalitalea_cylindroides",0,0,0,0,0,0,0,0,0
"Blautia_hydrogenotrophica",0,0,0,0,0,0,0,0,0
"Enorma_massiliensis",0,0,0,0,0,0,0,0,0
"Anaerotignum_lactatifermentans",0,0,0,0,0,0,0,0,0
"Desulfovibrio_fairfieldensis",0,0,0,0,0,0,0,0,0
"Prevotella_sp_CAG_1320",0,0,0,0,0,0,0,0,0
"Prevotella_sp_CAG_617",0,0,0,0,0,0,0,0,0
"Flavonifractor_sp_An10",0,0,0,0,0,0,0,0,0
"Alistipes_timonensis",0,0,0,0,0,0,0,0,0
"Clostridium_sp_CAG_299",0,0,0,0,0,0.05695,0,0,0.01693
"Anaerofilum_sp_An201",0,0,0,0,0,0,0,0,0
"Cloacibacillus_evryensis",0,0,0,0,0,0,0,0,0
"Enterococcus_hirae",0,0,0,0,0,0,0,0,0
"Pyramidobacter_piscolens",0,0,0,0,0,0,0,0,0
"Pseudomonas_aeruginosa_group",0,0,0,0,0,0,0,0,0
"Lactobacillus_johnsonii",0,0,0,0,0,0,0,0,0
"Massiliomicrobiota_timonensis",0,0,0,0,0,0,0,0,0
"Pyramidobacter_sp_C12_8",0,0,0,0,0,0,0,0,0
"Dialister_succinatiphilus",0,0,0,0,0,0,0,0,0
"Enterobacter_cloacae_complex",0,0,0,0,0,0,0,0,0
"Ruminococcus_sp_CAG_488",0,0,0,0,0,0,0,0,0
"Bacteroides_sp_CAG_530",0,0,0,0,0,0,0,0,0
"Ruminococcus_callidus",0,0,0,0,0,0,0,0,0
"Mitsuokella_jalaludinii",0,0,0,0,0,0,0,0,0
"Phascolarctobacterium_sp_CAG_266",0,0,0,0,0,0,0,0,0
"Butyrivibrio_crossotus",0,0,0,0,0,0,0,0,0
"Dielma_fastidiosa",0,0,0,0,0,0,0,0,0
"Prevotella_sp_CAG_924",0,0,0,0,0,0,0,0,0
"Lactobacillus_amylovorus",0,0,0,0,0,0,0,0,0
"Clostridium_sp_CAG_964",0,0,0,0,0,0,0,0,0
"Lactobacillus_kefiranofaciens",0,0,0,0,0,0,0,0,0
"Lactobacillus_acidophilus",0,0,0,0,0,0,0,0,0
"Varibaculum_cambriense",0,0,0,0,0,0,0,0,0
"Desulfovibrionaceae_bacterium",0,0,0,0,0,0,0,0,0
"Citrobacter_koseri",0,0,0,0,0,0,0,0,0
"Lactobacillus_rhamnosus",0,0,0,0,0,0,0,0,0
"Streptococcus_sanguinis",0,0,0,0,0,0,0,0,0
"Ruminococcus_sp_CAG_563",0,0,0,0,0,0,0,0,0
"Prevotella_corporis",0,0,0,0,0,0,0,0,0
"Mogibacterium_diversum",0,0,0,0,0,0,0,0,0
"Fretibacterium_fastidiosum",0,0,0,0,0,0,0,0,0
"Streptococcus_australis",0,0,0,0,0,0,0,0,0
"Lactobacillus_ruminis",0,0,0,0,0,0,0,0,0
"Fusobacterium_sp_CAG_439",0,0,0,0,0,0,0,0,0
"Rothia_mucilaginosa",0,0,0,0,0,0,0,0,0
"Eubacterium_sp_OM08_24",0,0,0,0,0,0,0,0,0
"Bacteroides_sp_CAG_927",0,0,0,0,0,0,0,0,0
"Lactobacillus_rogosae",0,0,0,0,0,0.0257899999999999,0,0,0
"Hafnia_paralvei",0,0,0,0,0,0,0,0,0.41631
"Hafnia_alvei",0,0,0,0,0,0,0,0,0
"Bacteroides_sp_43_108",0,0,0,0,0,0,0,0,0
"Clostridium_asparagiforme",0,0,0,0,0,0,0,0,0
"Clostridium_lavalense",0,0,0,0,0,0,0,0,0
"Lactobacillus_sakei",0,0,0,0,0,0,0,0,0
"Christensenella_minuta",0,0,0,0,0,0,0,0,0
"Prevotella_sp_CAG_485",0,0,0,0,0,0,0,0,0
"Enterococcus_durans",0,0,0,0,0,0,0,0,0
"Bacteroides_galacturonicus",0,0,0,0,0,0,0,0.01115,0
"Sellimonas_intestinalis",0,0.04169,0.02591,0,0,0,0,0,0
"Clostridium_bolteae_CAG_59",0,0,0,0,0,0,0,0,0
"Prevotella_sp_CAG_1031",0,0,0,0,0,0,0,0,0
"Clostridium_sp_CAG_413",0,0,0,0,0,0,0,0,0
"Bacteroides_sp_CAG_598",0,0,0,0,0,0,0,0,0
"Mitsuokella_multacida",0,0,0,0,0,0,0,0,0
"Megasphaera_sp_DISK_18",0,0,0,0,0,0,0,0,0.00226
"Klebsiella_quasipneumoniae",0,0,0,0,0,0,0,0,0.07181
"Alloscardovia_omnicolens",0,0,0,0,0,0,0,0,0
"Streptococcus_infantis",0,0,0,0,0,0,0,0,0
"Streptococcus_sp_A12",0,0,0,0,0,0,0,0,0
"Clostridium_hylemonae",0,0,0,0,0,0,0,0,0
"Firmicutes_bacterium_CAG_534",0,0,0,0,0,0,0,0,0
"Ruminococcus_champanellensis",0,0,0,0,0,0,0,0,0
"Actinomyces_graevenitzii",0,0,0,0,0,0,0,0,0
"Megamonas_hypermegale",0,0,0,0,0,0,0,0,0.02796
"Prevotella_sp_885",0,0,0,0,0,0,0,3.15705,0.54157
"Firmicutes_bacterium_CAG_791",0,0,0,0,0,0,0,0,0
"Bacteroides_sp_CAG_462",0,0,0,0,0,0,0,0,0
"Lactobacillus_vaginalis",0,0,0,0,0,0,0,0,0
"Escherichia_marmotae",0,0,0,0,0,0,0,0,0
"Brachyspira_sp_CAG_700",0,0,0,0,0,0,0,0,0
"Clostridium_sp_CAG_510",0,0,0,0,0,0,0,0,0
"Prevotella_disiens",0,0,0,0,0,0,0,0,0
"Actinomyces_turicensis",0,0,0,0,0,0,0,0,0
"Bacteroides_fluxus",0,0,0,0,0,0,0,0,0
"Fusobacterium_mortiferum",0,0,0,0,0,0,0,0,0
"Prevotella_melaninogenica",0,0,0,0,0,0,0,0,0
"Neisseria_flavescens",0,0,0,0,0,0,0,0,0
"Megasphaera_micronuciformis",0,0,0,0,0,0,0,0,0
"Prevotella_histicola",0,0,0,0,0,0,0,0,0
"Prevotella_pallens",0,0,0,0,0,0,0,0,0
"Oribacterium_sinus",0,0,0,0,0,0,0,0,0
"Neisseria_perflava",0,0,0,0,0,0,0,0,0
"Streptococcus_sp_HMSC034E03",0,0,0,0,0,0,0,0,0
"Prevotella_jejuni",0,0,0,0,0,0,0,0,0
"Prevotella_salivae",0,0,0,0,0,0,0,0,0
"Prevotella_buccae",0,0,0,0,0,0,0,0,0
"Corynebacterium_glucuronolyticum",0,0,0,0,0,0,0,0,0
"Weissella_confusa",0,0,0,0,0,0,0,0,0
"Actinomyces_sp_HMSC035G02",0,0,0,0,0,0,0,0,0
"Fusobacterium_nucleatum",0,0,0,0,0,0,0,0,0
"Eubacterium_sulci",0,0,0,0,0,0,0,0,0
"Clostridium_paraputrificum",0,0,0,0,0,0,0,0,0
"Helicobacter_cinaedi",0,0,0,0,0,0,0,0,0
"Streptococcus_infantarius",0,0,0,0,0,0,0,0,0
"Prevotella_buccalis",0,0,0,0,0,0,0,0,0
"Finegoldia_magna",0,0,0,0,0,0,0,0,0
"Megamonas_funiformis",0,0,0,0,0,0,0,0,0.02482
"Cutibacterium_granulosum",0,0,0,0,0,0,0,0,0
"Alloprevotella_tannerae",0,0,0,0,0,0,0,0,0
"Campylobacter_jejuni",0,0,0,0,0,0,0,0,0
"Vibrio_cholerae",0,0,0,0,0,0,0,0,0
"Helicobacter_fennelliae",0,0,0,0,0,0,0,0,0
"Streptococcus_gallolyticus",0,0,0,0,0,0,0,0,0
"Haemophilus_influenzae",0,0,0,0,0,0,0,0,0
"Staphylococcus_haemolyticus",0,0,0,0,0,0,0,0,0
"Kocuria_palustris",0,0,0,0,0,0,0,0,0
"Staphylococcus_arlettae",0,0,0,0,0,0,0,0,0
"Morganella_morganii",0,0,0,0,0,0,0,0,0
"Clostridium_butyricum",0,0,0,0,0,0,0,0,0
"Lawsonella_clevelandensis",0,0,0,0,0,0,0,0,0
"Bifidobacterium_kashiwanohense",0,0,0,0,0,0,0,0,0
"Fusobacterium_naviforme",0,0,0,0,0,0,0,0,0
"Prevotella_timonensis",0,0,0,0.67967,0.044,0,0,0,0
"Bacteroides_coagulans",0,0,0,0,0,0,0,0,0
"Negativicoccus_succinicivorans",0,0,0,0,0,0,0,0,0
"Anaerococcus_vaginalis",0,0,0,0,0,0,0,0,0
"Peptoniphilus_harei",0,0,0,0,0,0,0,0,0
"Anaerococcus_prevotii",0,0,0,0,0,0,0,0,0
"Porphyromonas_sp_HMSC065F10",0,0,0,0,0,0,0,0,0
"Facklamia_hominis",0,0,0,0,0,0,0,0,0
"Peptococcus_niger",0,0,0,0,0,0,0,0,0
"Corynebacterium_sp_NML130628",0,0,0,0,0,0,0,0,0
"Peptoniphilus_sp_HMSC062D09",0,0,0,0,0,0,0,0,0
"Actinomyces_europaeus",0,0,0,0,0,0,0,0,0
"Bifidobacterium_breve",0,0.04088,0.0151199999999999,0,0,0,0,0,0
"Peptoniphilus_duerdenii",0,0,0,0,0,0,0,0,0
"Mobiluncus_curtisii",0,0,0,0,0,0,0,0,0
"Porphyromonas_asaccharolytica",0,0,0,0,0,0,0,0,0
"Prevotella_bergensis",0,0,0,0,0,0,0,0,0
"Corynebacterium_sp_NML140438",0,0,0,0,0,0,0,0,0
"Anaerococcus_hydrogenalis",0,0,0,0,0,0,0,0,0
"[Collinsella]_massiliensis",0,0,0,0,0,0,0,0,0
"Atopobium_minutum",0,0,0,0,0,0,0,0,0
"Acinetobacter_indicus",0,0,0,0,0,0,0,0,0
"Klebsiella_michiganensis",0,0,0,0,0,0,0,0,0
"Klebsiella_oxytoca",0,0,0,0,0,0,0,0,0.02173
"Enterococcus_raffinosus",0,0,0,0.00759,0.00241,0,0,0,0
"Enterococcus_avium",0,0,0,0,0,0,0,0,0
"Cutibacterium_avidum",0,0,0,0,0,0,0,0,0
"Corynebacterium_amycolatum",0,0,0,0,0,0,0,0,0
"Staphylococcus_hominis",0,0,0,0,0,0,0,0,0
"Staphylococcus_epidermidis",0,0,0,0,0,0,0,0,0
"Megasphaera_sp_MJR8396C",0,0,0,0,0,0,0,0,0
"Corynebacterium_tuberculostearicum",0,0,0,0,0,0,0,0,0
"Enterococcus_gallinarum",0,0,0,0,0,0,0,0,0
"Corynebacterium_kefirresidentii",0,0,0,0,0,0,0,0,0
"Malassezia_globosa",0,0,0,0,0,0,0,0,0
"Corynebacterium_pseudogenitalium",0,0,0,0,0,0,0,0,0
"Clostridium_neonatale",0,0,0,0,0,0,0,0,0
"Anaerococcus_octavius",0,0,0,0,0,0,0,0,0
"Acidaminococcus_sp_CAG_542",0,0,0,0,0,0,0,0,0
"Dialister_pneumosintes",0,0,0,0,0,0,0,0,0.05699
"Kocuria_indica",0,0,0,0,0,0,0,0,0
"Anaerococcus_nagyae",0,0,0,0,0,0,0,0,0
"Campylobacter_ureolyticus",0,0,0,0,0,0,0,0,0
"Kocuria_rhizophila",0,0,0,0,0,0,0,0,0
"Lactobacillus_iners",0,0,0,0,0,0,0,0,0
"Dermacoccus_sp_PE3",0,0,0,0,0,0,0,0,0
"Micrococcus_luteus",0,0,0,0,0,0,0,0,0
"Corynebacterium_lipophiloflavum",0,0,0,0,0,0,0,0,0
"Porphyromonas_uenonis",0,0,0,0,0,0,0,0,0
"Plesiomonas_shigelloides",0,0,0,0,0,0,0,0,0
"Bifidobacterium_ruminantium",0,0,0,0,0,0,0,0,0
"Actinomyces_radingae",0,0,0,0,0,0,0,0,0
"Kytococcus_sedentarius",0,0,0,0,0,0,0,0,0
"Lactobacillus_saerimneri",0,0,0,0,0,0,0,0,0
"Rothia_aeria",0,0,0,0,0,0,0,0,0
"Corynebacterium_matruchotii",0,0,0,0,0,0,0,0,0
"Streptococcus_sp_F0442",0,0,0,0,0,0,0,0,0
"Haemophilus_parahaemolyticus",0,0,0,0,0,0,0,0,0
"Staphylococcus_aureus",0,0,0,0,0,0,0,0,0
"Anoxybacillus_flavithermus",0,0,0,0,0,0,0,0,0
"Dermabacter_hominis",0,0,0,0,0,0,0,0,0
"Corynebacterium_aurimucosum",0,0,0,0,0,0,0,0,0
"Gemella_haemolysans",0,0,0,0,0,0,0,0,0
"Campylobacter_hominis",0,0,0,0,0,0,0,0,0
"Peptoniphilus_lacrimalis",0,0,0,0,0,0,0,0,0
"Peptoniphilus_sp_BV3C26",0,0,0,0,0,0,0,0,0
"Peptostreptococcus_anaerobius",0,0,0,0.24189,0.20493,0,0,0,0
"Cutibacterium_acnes",0,0,0,0,0.09102,0,0,0,0
"Fusobacterium_sp_oral_taxon_370",0,0,0,0,0,0,0,0,0
"Actinomyces_sp_oral_taxon_897",0,0,0,0,0,0,0,0,0
"Anaeroglobus_geminatus",0,0,0,0,0,0,0,0,0
"Gemella_asaccharolytica",0,0,0,0,0,0,0,0,0
"Corynebacterium_kroppenstedtii",0,0,0,0,0,0,0,0,0
"Anaerobiospirillum_thomasii",0,0,0,0,0,0,0,0,0
"Peptoniphilus_sp_DNF00840",0,0,0,0,0,0,0,0,0
"Brachyspira_pilosicoli",0,0,0,0,0,0,0,0,0
"Helicobacter_sp_11_8110",0,0,0,0,0,0,0,0,0
"Megamonas_funiformis_CAG_377",0,0,0,0,0,0,0,0,0.0223599999999999
"Neisseria_sicca",0,0,0,0,0,0,0,0,0
"Neisseria_mucosa",0,0,0,0,0,0,0,0,0
"Escherichia_albertii",0,0,0,0,0,0,0,0,0
"Haemophilus_haemolyticus",0,0,0,0,0,0,0,0,0
"Aggregatibacter_segnis",0,0,0,0,0,0,0,0,0.00526
"Granulicatella_adiacens",0,0,0,0,0,0,0,0,0
"Arcobacter_butzleri",0,0,0,0,0,0,0,0,0
"Citrobacter_freundii",0,0,0,0,0,0,0,0,0
"Comamonas_aquatica",0,0,0,0,0,0,0,0,0
"Aeromonas_caviae",0,0,0,0,0,0,0,0,0
"Citrobacter_youngae",0,0,0,0,0,0,0,0,0
"Acinetobacter_johnsonii",0,0,0,0,0,0,0,0,0
"Microvirgula_aerodenitrificans",0,0,0,0,0,0,0,0,0
"Comamonas_thiooxydans",0,0,0,0,0,0,0,0,0
"Citrobacter_werkmanii",0,0,0,0,0,0,0,0,0
"Shewanella_algae",0,0,0,0,0,0,0,0,0
"Acinetobacter_ursingii",0,0,0,0,0,0,0,0,0
"Comamonas_testosteroni",0,0,0,0,0,0,0,0,0
"Citrobacter_portucalensis",0,0,0,0,0,0,0,0,0
"Acinetobacter_bereziniae",0,0,0,0,0,0,0,0,0
"Enterococcus_cecorum",0,0,0,0,0,0,0,0,0
"Acinetobacter_schindleri",0,0,0,0,0,0,0,0,0
"Acinetobacter_towneri",0,0,0,0,0,0,0,0,0
"Helicobacter_pylori",0,0,0,0,0,0,0,0,0
"Comamonas_kerstersii",0,0,0,0,0,0,0,0,0
"Treponema_succinifaciens",0,0,0,0,0,0,0,0,0
"Clostridium_sp_CAG_632",0,0,0,0,0,0,0,0,0
"Clostridium_ventriculi",0,0,0,0,0,0,0,0,0
"Helicobacter_winghamensis",0,0,0,0,0,0,0,0,0
"Bacillus_cereus_group",0,0,0,0,0,0,0,0,0
"Streptococcus_macedonicus",0,0,0,0,0,0,0,0,0
"Cronobacter_sakazakii",0,0,0,0,0,0,0,0,0
"Klebsiella_aerogenes",0,0,0,0,0,0,0,0,0
"Enterobacter_mori",0,0,0,0,0,0,0,0,0
"Treponema_berlinense",0,0,0,0,0,0,0,0,0
"Haemophilus_pittmaniae",0,0,0,0,0,0,0,0,0
"Dialister_micraerophilus",0,0,0,0,0,0,0,0,0
"Eubacterium_coprostanoligenes",0,0,0,0,0,0,0,0,0
"Corynebacterium_resistens",0,0,0,0,0,0,0,0,0
"Corynebacterium_pyruviciproducens",0,0,0,0,0,0,0,0,0
"Veillonella_rogosae",0,0,0,0,0,0,0,0,0
"Leptotrichia_wadei",0,0,0,0,0,0,0,0,0
"Morococcus_cerebrosus",0,0,0,0,0,0,0,0,0
"Veillonella_rodentium",0,0,0,0,0,0,0,0,0
"Veillonella_tobetsuensis",0,0,0,0,0,0,0,0,0
"Prevotella_colorans",0,0,0,0,0,0,0,0,0
"Prevotella_sp_S7_1_8",0,0,0,0,0,0,0,0,0
"Granulicatella_elegans",0,0,0,0,0,0,0,0,0
"Parvimonas_sp_KA00067",0,0,0,0,0,0,0,0,0
"Sneathia_amnii",0,0,0,0,0,0,0,0,0
"Leuconostoc_garlicum",0,0,0,0,0,0,0,0,0
"Cetobacterium_somerae",0,0,0,0,0,0,0,0,0
"Hungatella_effluvii",0,0,0,0,0,0,0,0,0
"Veillonella_sp_CAG_933",0,0,0,0,0,0,0,0,0
"Blautia_coccoides",0,0,0,0,0,0,0,0,0
"Clostridioides_difficile",0,0,0,0,0,0,0,0,0
"Corynebacterium_sp_HMSC08A12",0,0,0,0,0,0,0,0,0
"Corynebacterium_accolens",0,0,0,0,0,0,0,0,0
"Corynebacterium_jeikeium",0,0,0,0,0,0,0,0,0
"Campylobacter_coli",0,0,0,0,0,0,0,0,0
"Campylobacter_upsaliensis",0,0,0,0,0,0,0,0,0
"Lactobacillus_curvatus",0,0,0,0,0,0,0,0,0
"Leuconostoc_mesenteroides",0,0,0,0,0,0,0,0,0
"Rothia_dentocariosa",0,0,0,0,0,0,0,0,0
"Streptococcus_cristatus",0,0,0,0,0,0,0,0,0
"Actinobaculum_sp_oral_taxon_183",0,0,0,0,0,0,0,0,0
"Actinomyces_johnsonii",0,0,0,0,0,0,0,0,0
"Eubacterium_brachy",0,0,0,0,0,0,0,0,0
"Cardiobacterium_valvarum",0,0,0,0,0,0,0,0,0
"Lactobacillus_plantarum",0,0,0,0,0,0,0,0,0
"Leuconostoc_pseudomesenteroides",0,0,0,0,0,0,0,0,0
"Lactobacillus_otakiensis",0,0,0,0,0,0,0,0,0
"Lactococcus_petauri",0,0,0,0,0,0,0,0,0
"Aeriscardovia_aeriphila",0,0,0,0,0,0,0,0,0
"Enterococcus_pseudoavium",0,0,0,0,0,0,0,0,0
"Catabacter_hongkongensis",0,0,0,0,0,0,0,0,0
"Bacteroides_sp_D2",0,0,0,0,0,0,0,0,0
"Clostridium_scindens",0,0,0,0,0,0,0,0,0
"Haemophilus_sputorum",0,0,0,0,0,0,0,0,0
"Bacteroides_faecichinchillae",0,0,0,0,0,0,0,0,0
"Lachnoclostridium_sp_An14",0,0,0,0,0,0,0,0,0
"Lachnoclostridium_sp_An138",0,0,0,0,0,0,0,0,0
"Actinomyces_naeslundii",0,0,0,0,0,0,0,0,0
"Enterococcus_italicus",0,0,0,0,0,0,0,0,0
"Denitrobacterium_detoxificans",0,0,0,0,0,0,0,0,0
"Olsenella_profusa",0,0,0,0,0,0,0,0,0
"Solobacterium_moorei",0,0,0,0,0,0,0,0,0
"Anaeromassilibacillus_sp_An172",0,0,0,0,0,0,0,0,0
"Saccharomyces_cerevisiae",0,0,0,0,0,0,0,0,0
"Terrisporobacter_othiniensis",0,0,0,0,0,0,0,0,0
"Lactobacillus_pontis",0,0,0,0,0,0,0,0,0
"Abiotrophia_sp_HMSC24B09",0,0,0,0,0,0,0,0,0
"Streptococcus_sp_M334",0,0,0,0,0,0,0,0,0
"Clostridium_aldenense",0,0,0,0.00513,0.0064099999999999,0,0,0,0
"Clostridium_sp_7_2_43FAA",0,0,0,0,0,0,0,0,0
"Lactococcus_garvieae",0,0,0,0,0,0,0,0,0
"Propionibacterium_acidifaciens",0,0,0,0,0,0,0,0,0
"Blautia_producta",0,0,0,0,0,0,0,0,0
"Streptococcus_sp_NLAE_zl_C503",0,0,0,0,0,0,0,0,0
"Actinomyces_massiliensis",0,0,0,0,0,0,0,0,0
"Pseudopropionibacterium_propionicum",0,0,0,0,0,0,0,0,0
"Lactonifactor_longoviformis",0,0,0,0,0,0,0,0,0
"Rikenella_microfusus",0,0,0,0,0,0,0,0,0
"Clostridium_sp_D5",0,0,0,0,0,0,0,0,0
"Faecalicatena_orotica",0,0,0,0,0,0,0,0,0
"Anaerofustis_stercorihominis",0,0,0,0,0,0,0,0,0
"Clostridium_methylpentosum",0,0,0,0,0,0,0,0,0
"Eubacteriaceae_bacterium_CHKCI005",0,0,0,0,0,0,0,0,0
"Fusobacterium_varium",0,0,0,0,0,0,0,0,0
"Pediococcus_acidilactici",0,0,0,0,0,0,0,0,0
"Olsenella_uli",0,0,0,0,0,0,0,0,0
"Citrobacter_braakii",0,0,0,0,0,0,0,0,0
"Actinomyces_sp_oral_taxon_180",0,0,0,0,0,0,0,0,0
"Streptococcus_sp_HPH0090",0,0,0,0,0,0,0,0,0
"Scardovia_wiggsiae",0,0,0,0,0,0,0,0,0
"Mogibacterium_timidum",0,0,0,0,0,0,0,0,0
"Atopobium_deltae",0,0,0,0,0,0,0,0,0
"Clostridium_sp_CAG_411",0,0,0,0,0,0,0,0,0.00228
"Sharpea_azabuensis",0,0,0,0,0,0,0,0,0
"Fusobacterium_equinum",0,0,0,0,0,0,0,0,0
"Fusobacterium_gonidiaformans",0,0,0,0,0,0,0,0,0
"Bacteroides_sp_CAG_443",0,0,0,0,0,0,0,0,0
"Actinomyces_cardiffensis",0,0,0,0,0,0,0,0,0
"Peptostreptococcus_stomatis",0,0,0,0,0,0,0,0,0
"Eubacterium_limosum",0,0,0,0,0,0,0,0,0
"Ruminococcus_sp_CAG_624",0,0,0,0,0,0,0,0,0
"Eubacterium_callanderi",0,0,0,0,0,0,0,0,0
"Butyribacterium_methylotrophicum",0,0,0,0,0,0,0,0,0
"Tetragenococcus_halophilus",0,0,0,0,0,0,0,0,0
"Weissella_viridescens",0,0,0,0,0,0,0,0,0
"Eubacterium_sp_An11",0,0,0,0,0,0,0,0,0
"Firmicutes_bacterium_CAG_424",0,0,0,0,0,0,0,0,0
"Corynebacterium_durum",0,0,0,0,0,0,0,0,0
"Streptococcus_agalactiae",0,0,0,0,0,0,0,0,0
"Lactobacillus_antri",0,0,0,0,0,0,0,0,0
"Actinomyces_hongkongensis",0,0,0,0,0,0,0,0,0
"Actinomyces_sp_oral_taxon_414",0,0,0,0,0,0,0,0,0
"Gemella_bergeri",0,0,0,0,0,0,0,0,0
"Streptococcus_pseudopneumoniae",0,0,0,0,0,0,0,0,0
"Eubacterium_infirmum",0,0,0,0,0,0,0,0,0
"Staphylococcus_equorum",0,0,0,0,0,0,0,0,0
"Corynebacterium_casei",0,0,0,0,0,0,0,0,0
"Clostridiales_bacterium_1_7_47FAA",0,0,0,0,0,0,0,0,0
"Desulfovibrio_sp_An276",0,0,0,0,0,0,0,0,0
"Streptococcus_downei",0,0,0,0,0,0,0,0,0
"Alcaligenes_aquatilis",0,0,0,0,0,0,0,0,0
"Stenotrophomonas_maltophilia",0,0,0,0,0,0,0,0,0
"Proteus_vulgaris",0,0,0,0,0,0,0,0,0
"Leuconostoc_suionicum",0,0,0,0,0,0,0,0,0
"Neisseria_subflava",0,0,0,0,0,0,0,0,0
"Odoribacter_laneus",0,0,0,0,0,0,0,0,0
"Lactobacillus_animalis",0,0,0,0,0,0,0,0,0
"Bifidobacterium_pseudolongum",0,0,0,0,0,0,0,0,0
"Faecalicoccus_pleomorphus",0,0,0,0,0,0,0,0,0
"Citrobacter_sp_MGH106",0,0,0,0,0,0,0,0,0
"Megasphaera_hexanoica",0,0,0,0,0,0,0,0,0
"Lachnoanaerobaculum_saburreum",0,0,0,0,0,0,0,0,0
"Bacillus_aerius",0,0,0,0,0,0,0,0,0
"Blautia_hansenii",0,0,0,0,0,0,0,0,0
"Lactobacillus_helveticus",0,0,0,0,0,0,0,0,0
"Raoultella_planticola",0,0,0,0,0,0,0,0,0
"Actinomyces_georgiae",0,0,0,0,0,0,0,0,0
"Oribacterium_parvum",0,0,0,0,0,0,0,0,0
"Fusobacterium_periodonticum",0,0,0,0,0,0,0,0,0
"Peptostreptococcus_sp_MV1",0,0,0,0,0,0,0,0,0
"Parvimonas_sp_oral_taxon_393",0,0,0,0,0,0,0,0,0
"Abiotrophia_defectiva",0,0,0,0,0,0,0,0,0
"Prevotella_intermedia",0,0,0,0,0,0,0,0,0
"Stomatobaculum_longum",0,0,0,0,0,0,0,0,0
"Bifidobacterium_pullorum",0,0,0,0,0,0,0,0,0
"Bifidobacterium_saeculare",0,0,0,0,0,0,0,0,0
"Bifidobacterium_gallinarum",0,0,0,0,0,0,0,0,0
"Muribaculum_intestinale",0,0,0,0,0,0,0,0,0
"Streptococcus_parauberis",0,0,0,0,0,0,0,0,0
"Enterococcus_casseliflavus",0,0,0,0,0,0,0,0,0
"Actinomyces_viscosus",0,0,0,0,0,0,0,0,0
"Enterococcus_devriesei",0,0,0,0,0,0,0,0,0
"Lactobacillus_sanfranciscensis",0,0,0,0,0,0,0,0,0
"Leuconostoc_lactis",0,0,0,0,0,0,0,0,0
"Streptococcus_sp_HMSC071D03",0,0,0,0,0,0,0,0,0
"Bulleidia_extructa",0,0,0,0,0,0,0,0,0
"Lachnospiraceae_bacterium_oral_taxon_096",0,0,0,0,0,0,0,0,0
"Alcaligenes_faecalis",0,0,0,0,0,0,0,0,0
"Rhodococcus_qingshengii",0,0,0,0,0,0,0,0,0
"Anaerostipes_caccae",0,0,0,0,0,0,0,0,0
"Corynebacterium_argentoratense",0,0,0,0,0,0,0,0,0
"Prevotella_sp_CAG_891",0,0,0,0,0,0,0,0,0.92136
"Weissella_cibaria",0,0,0,0,0,0,0,0,0
"Leuconostoc_carnosum",0,0,0,0,0,0,0,0,0
"Staphylococcus_succinus",0,0,0,0,0,0,0,0,0
"Alistipes_sp_An31A",0,0,0,0,0,0,0,0,0
"Staphylococcus_sp_NAM3COL9",0,0,0,0,0,0,0,0,0
"Streptococcus_viridans",0,0,0,0,0,0,0,0,0
"Lachnoanaerobaculum_umeaense",0,0,0,0,0,0,0,0,0
"Cardiobacterium_hominis",0,0,0,0,0,0,0,0,0
"Mogibacterium_pumilum",0,0,0,0,0,0,0,0,0
"Campylobacter_gracilis",0,0,0,0,0,0,0,0,0
"Eubacterium_minutum",0,0,0,0,0,0,0,0,0
"Staphylococcus_carnosus",0,0,0,0,0,0,0,0,0
"Pediococcus_pentosaceus",0,0,0,0,0,0,0,0,0
"Blautia_sp_An249",0,0,0,0,0,0,0,0,0
"Erysipelothrix_larvae",0,0,0,0,0,0,0,0,0
"Scardovia_inopinata",0,0,0,0,0,0,0,0,0
"Eubacterium_saphenum",0,0,0,0,0,0,0,0,0
"Rhodococcus_erythropolis",0,0,0,0,0,0,0,0,0
"Lactobacillus_ultunensis",0,0,0,0,0,0,0,0,0
"Blautia_sp_N6H1_15",0,0,0,0,0,0,0,0,0
"Streptococcus_peroris",0,0,0,0,0,0,0,0,0
"Lachnospiraceae_bacterium_2_1_46FAA",0,0,0,0,0,0,0,0,0
"Enterococcus_dispar",0,0,0,0,0,0,0,0,0
"Lactobacillus_mindensis",0,0,0,0,0,0,0,0,0
"Lachnoclostridium_sp_An131",0,0,0,0,0,0,0,0,0
"Staphylococcus_saprophyticus",0,0,0,0,0,0,0,0,0
"Lactobacillus_brevis",0,0,0,0,0,0,0,0,0
"Lactobacillus_senmaizukei",0,0,0,0,0,0,0,0,0
"Fusobacterium_necrophorum",0,0,0,0,0,0,0,0,0
"Lactobacillus_reuteri",0,0,0,0,0,0,0,0,0
"Ruminococcus_sp_CAG_579",0,0,0,0,0,0,0,0,0
"Lactobacillus_parabuchneri",0,0,0,0,0,0,0,0,0
"Candida_albicans",0,0,0,0,0,0,0,0,0
"Lactococcus_raffinolactis",0,0,0,0,0,0,0,0,0
"Actinomyces_sp_oral_taxon_170",0,0,0,0,0,0,0,0,0
"Porphyromonas_gingivalis",0,0,0,0,0,0,0,0,0
"Leptotrichia_sp_oral_taxon_215",0,0,0,0,0,0,0,0,0
"Eikenella_corrodens",0,0,0,0,0,0,0,0,0.00629
"Streptococcus_pneumoniae",0,0,0,0,0,0,0,0,0
"Gardnerella_vaginalis",0,0,0,0,0,0,0,0,0
"Subdoligranulum_variabile",0,0,0,0,0,0,0,0,0
"Prevotella_denticola",0,0,0,0,0,0,0,0,0
"Clostridium_sp_chh4_2",0,0,0,0,0,0,0,0,0
"Prevotella_nigrescens",0,0,0,0,0,0,0,0,0
"Slackia_exigua",0,0,0,0,0,0,0,0,0
"Selenomonas_sputigena",0,0,0,0,0,0,0,0,0
"Prevotella_oris",0,0,0,0,0,0,0,0,0
"Leptotrichia_sp_oral_taxon_212",0,0,0,0,0,0,0,0,0
"Murimonas_intestini",0,0,0,0,0,0,0,0,0
"Streptococcus_massiliensis",0,0,0,0,0,0,0,0,0
"Streptococcus_sp_HMSC070B10",0,0,0,0,0,0,0,0,0
"Leptotrichia_hofstadii",0,0,0,0,0,0,0,0,0
"Lactobacillus_kalixensis",0,0,0,0,0,0,0,0,0
"Lactobacillus_kefiri",0,0,0,0,0,0,0,0,0
"Carnobacterium_divergens",0,0,0,0,0,0,0,0,0
"Eubacterium_nodatum",0,0,0,0,0,0,0,0,0
"Pediococcus_sp",0,0,0,0,0,0,0,0,0
"Pediococcus_parvulus",0,0,0,0,0,0,0,0,0
"Lactobacillus_buchneri",0,0,0,0,0,0,0,0,0
"Actinomyces_radicidentis",0,0,0,0,0,0,0,0,0
"Raoultella_ornithinolytica",0,0,0,0,0,0,0,0,0
"Chlamydia_ibidis",0,0,0,0,0,0,0,0,0
"Treponema_porcinum",0,0,0,0,0,0,0,0,0
"Prevotella_sp_P3_122",0,0,0,0,0,0,0,0,0
"Lactobacillus_versmoldensis",0,0,0,0,0,0,0,0,0
"Staphylococcus_warneri",0,0,0,0,0,0,0,0,0
"Actinomyces_meyeri",0,0,0,0,0,0,0,0,0
"Marvinbryantia_formatexigens",0,0,0,0,0,0,0,0,0
"Kluyvera_intestini",0,0,0,0,0,0,0,0,0
"Corynebacterium_variabile",0,0,0,0,0,0,0,0,0
"Kosakonia_sp_S29",0,0,0,0,0,0,0,0,0
"Veillonella_denticariosi",0,0,0,0,0,0,0,0,0
"Desulfovibrio_vulgaris",0,0,0,0,0,0,0,0,0
"Selenomonas_noxia",0,0,0,0,0,0,0,0,0
"Eggerthia_catenaformis",0,0,0,0,0,0,0,0,0
"Kingella_oralis",0,0,0,0,0,0,0,0,0
"Citrobacter_pasteurii",0,0,0,0,0,0,0,0,0
"Fusobacterium_ulcerans",3.03529,0,0,0,0,0,0,0,0
"Staphylococcus_xylosus",0,0,0,0,0,0,0,0,0
"Lachnoclostridium_sp_An169",0,0,0,0,0,0,0,0,0
"Campylobacter_concisus",0,0,0,0,0,0,0,0,0
"Brevibacterium_aurantiacum",0,0,0,0,0,0,0,0,0
"Brevibacterium_linens",0,0,0,0,0,0,0,0,0
"Lactobacillus_apis",0,0,0,0,0,0,0,0,0
"Anaerostipes_sp_494a",0,0,0,0,0,0,0,0,0
"Lactobacillus_kullabergensis",0,0,0,0,0,0,0,0,0
"Lactobacillus_kimbladii",0,0,0,0,0,0,0,0,0
"Parabacteroides_gordonii",0,0,0,0,0,0,0,0,0
"Escherichia_fergusonii",0,0,0,0,0,0,0,0,0
"Lactobacillus_panis",0,0,0,0,0,0,0,0,0
"Citrobacter_amalonaticus",0,0,0,0,0,0,0,0,0
"Aeromonas_media",0,0,0,0,0,0,0,0,0
"Proteus_mirabilis",0,0,0,0,0,0,0,0,4.49259
"Kluyvera_georgiana",0,0,0,0,0,0,0,0,0
"Enterobacter_bugandensis",0,0,0,0,0,0,0,0,0
"Bacteroides_caecimuris",0,0,0,0,0,0,0,0,0
"Leclercia_adecarboxylata",0,0,0,0,0,0,0,0,0
"Kosakonia_pseudosacchari",0,0,0,0,0,0,0,0,0
"Lactobacillus_agilis",0,0,0,0,0,0,0,0,0
"Citrobacter_farmeri",0,0,0,0,0,0,0,0,0
"Providencia_rettgeri",0,0,0,0,0,0,0,0,0
"Porphyromonas_endodontalis",0,0,0,0,0,0,0,0,0
"Desulfovibrio_legallii",0,0,0,0,0,0,0,0,0
"Pluralibacter_gergoviae",0,0,0,0,0,0,0,0,0
"Prevotella_sp_oral_taxon_473",0,0,0,0,0,0,0,0,0
"Streptococcus_salivarius_CAG_79",0,0,0,0,0,0,0,0,0
"Candidatus_Gastranaerophilales_bacterium_HUM_9",0,0,0,0,0,0,0,0,0
"Lactobacillus_acidipiscis",0,0,0,0,0,0,0,0,0
"Eubacterium_sp_CAG_786",0,0,0,0,0,0,0,0,0
"Pantoea_dispersa",0,0,0,0,0,0,0,0,0
"Prevotella_sp_F0091",0,0,0,0,0,0,0,0,0
"Prevotella_sp_oral_taxon_376",0,0,0,0,0,0,0,0,0
"Pseudoramibacter_alactolyticus",0,0,0,0,0,0,0,0,0
"Lactobacillus_helsingborgensis",0,0,0,0,0,0,0,0,0
"Leuconostoc_gelidum",0,0,0,0,0,0,0,0,0
"Lactococcus_piscium",0,0,0,0,0,0,0,0,0
"Candidatus_Stoquefichus_sp_KLE1796",0,0,0,0,0,0,0,0,0
"Clostridium_hiranonis",0,0,0,0,0,0,0,0,0
"Leuconostoc_citreum",0,0,0,0,0,0,0,0,0
"Gemmiger_sp_An50",0,0,0,0,0,0,0,0,0
"Gemmiger_sp_An87",0,0,0,0,0,0,0,0,0
"Salmonella_enterica",0,0,0,0,0,0,0,0,0
"Paeniclostridium_sordellii",0,0,0,0,0,0,0,0,0
"Kosakonia_cowanii",0,0,0,0,0,0,0,0,0
"Trueperella_bernardiae",0,0,0,0,0,0,0,0,0
"Anaerococcus_lactolyticus",0,0,0,0,0,0,0,0,0
"Campylobacter_showae",0,0,0,0,0,0,0,0,0
"Actinotignum_timonense",0,0,0,0,0,0,0,0,0
"Peptoniphilus_coxii",0,0,0,0,0,0,0,0,0
"Sporanaerobacter_sp_PP17_6a",0,0,0,0,0,0,0,0,0
"Lactobacillus_fuchuensis",0,0,0,0,0,0,0,0,0
"Actinotignum_schaalii",0,0,0,0,0,0,0,0,0
"Veillonellaceae_bacterium_DNF00626",0,0,0,0,0,0,0,0,0
"Mageeibacillus_indolicus",0,0,0,0,0,0,0,0,0
"Weissella_koreensis",0,0,0,0,0,0,0,0,0
"Lactobacillus_paraplantarum",0,0,0,0,0,0,0,0,0
"Pantoea_agglomerans",0,0,0,0,0,0,0,0,0
"Pantoea_vagans",0,0,0,0,0,0,0,0,0
"Dysgonomonas_mossii",0,0,0,0,0,0,0,0,0
"Clostridium_cadaveris",0,0,0,0,0,0,0,0,0
"Anaerosporobacter_mobilis",0,0,0,0,0,0,0,0,0
"Robinsoniella_sp_RHS",0,0,0,0,0,0,0,0,0
"Atopobium_vaginae",0,0,0,0.01695,0,0,0,0,0
"Cellulosilyticum_lentocellum",0,0,0,0,0,0,0,0,0
"Clostridium_sp_CAG_678",0,0,0,0,0,0,0,0,0
"Lactobacillus_algidus",0,0,0,0,0,0,0,0,0
"Bacteroides_oleiciplenus",0,0,0,0,0,0,0,0,0
"Roseburia_sp_831b",0,0,0,0,0,0,0,0,0
"Escherichia_sp_ESNIH1",0,0,0,0,0,0,0,0,0
"Serratia_marcescens",0,0,0,0,0,0,0,0,0
"Pseudomonas_helleri",0,0,0,0,0,0,0,0,0
"Prevotella_sp_oral_taxon_299",0,0,0,0,0,0,0,0,0
"Neisseria_bacilliformis",0,0,0,0,0,0,0,0,0
"Serratia_fonticola",0,0,0,0,0,0,0,0,0
"Kluyvera_ascorbata",0,0,0,0,0,0,0,0,0
"Serratia_liquefaciens",0,0,0,0,0,0,0,0,0
"Enterobacter_soli",0,0,0,0,0,0,0,0,0
"Paenibacillus_macerans",0,0,0,0,0,0,0,0,0
"Ralstonia_pickettii",0,0,0,0,0,0,0,0,0
"Streptococcus_sp_SK643",0,0,0,0,0,0,0,0,0
"Coprobacter_sp",0,0,0,0,0,0,0,0,0
"Pseudomonas_fragi",0,0,0,0,0,0,0,0,0
"Atlantibacter_hermannii",0,0,0,0,0,0,0,0,0
"Enterococcus_sp_3H8_DIV0648",0,0,0,0,0,0,0,0,0
"Enterococcus_gilvus",0,0,0,0,0,0,0,0,0
"Prevotella_veroralis",0,0,0,0,0,0,0,0,0
"Shuttleworthia_satelles",0,0,0,0,0,0,0,0,0
"Prevotella_sp_oral_taxon_306",0,0,0,0,0,0,0,0,0
"Proteus_hauseri",0,0,0,0,0,0,0,0,0.09737
"Alloprevotella_rava",0,0,0,0,0,0,0,0,0
"Serratia_ureilytica",0,0,0,0,0,0,0,0,0
"Aggregatibacter_aphrophilus",0,0,0,0,0,0,0,0,0
"Oribacterium_asaccharolyticum",0,0,0,0,0,0,0,0,0
"Clostridium_baratii",0,0,0,0,0,0,0,0,0
"Neisseria_sp_oral_taxon_014",0,0,0,0,0,0,0,0,0
"Selenomonas_sp_oral_taxon_138",0,0,0,0,0,0,0,0,0
"Paenibacillus_lactis",0,0,0,0,0,0,0,0,0
"Lautropia_mirabilis",0,0,0,0,0,0,0,0,0
"Tannerella_sp_oral_taxon_HOT_286",0,0,0,0,0,0,0,0,0
"Providencia_alcalifaciens",0,0,0,0,0,0,0,0,0
"Haemophilus_paraphrohaemolyticus",0,0,0,0,0,0,0,0,0
"Parvimonas_sp_oral_taxon_110",0,0,0,0,0,0,0,0,0
"Barnesiella_sp_An22",0,0,0,0,0,0,0,0,0
"Bacteroides_sp_OM08_11",0,0,0,0,0,0,0,0,0
"Dorea_sp_D27",0,0,0,0,0,0,0,0,0
"Lachnoclostridium_sp_An181",0,0,0,0,0,0,0,0,0
"Pseudoflavonifractor_sp_An85",0,0,0,0,0,0,0,0,0
"Acinetobacter_lwoffii",0,0,0,0,0,0,0,0,0
"Micrococcus_lylae",0,0,0,0,0,0,0,0,0
"Pararheinheimera_mesophila",0,0,0,0,0,0,0,0,0
"Porphyromonas_somerae",0,0,0,0,0,0,0,0,0
"Bacteroides_stercorirosoris",0,0,0,0,0,0,0,0,0
"Moraxella_osloensis",0,0,0,0,0,0,0,0,0
"Enhydrobacter_aerosaccus",0,0,0,0,0,0,0,0,0
"Micrococcus_aloeverae",0,0,0,0,0,0,0,0,0
"Veillonella_seminalis",0,0,0,0,0,0,0,0,0
"Arthrospira_platensis",0,0,0,0,0,0,0,0,0
"Candidatus_Methanomassiliicoccus_intestinalis",0,0,0,0,0,0,0,0,0
"Prevotella_dentalis",0,0,0,0,0,0,0,0,0
"Aeromonas_hydrophila",0,0,0,0,0,0,0,0,0
"Aeromonas_dhakensis",0,0,0,0,0,0,0,0,0
"Actinomyces_urogenitalis",0,0,0,0,0,0,0,0,0
"Enterococcus_thailandicus",0,0,0,0,0,0,0,0,0
"Lactobacillus_vaccinostercus",0,0,0,0,0,0,0,0,0
"Klebsiella_variicola_CAG_634",0,0,0,0,0,0,0,0,0
"Prevotella_amnii",0,0,0,0,0,0,0,0,0
"Cronobacter_malonaticus",0,0,0,0,0,0,0,0,0
"Pseudomonas_guguanensis",0,0,0,0,0,0,0,0,0
"Lactobacillus_jensenii",0,0,0,0,0,0,0,0,0
"Aggregatibacter_sp_oral_taxon_458",0,0,0,0,0,0,0,0,0
"Anaerocolumna_aminovalerica",0,0,0,0,0,0,0,0,0
"Clostridium_sporogenes",0,0,0,0,0,0,0,0,0
"Clostridium_botulinum",0,0,0,0,0,0,0,0,0
"Bacteroidales_bacterium_KA00251",0,0,0,0,0,0,0,0,0
"Clostridium_celerecrescens",0,0,0,0,0,0,0,0,0
"Dysgonomonas_gadei",0,0,0,0,0,0,0,0,0
"Frigoribacterium_sp_Leaf8",0,0,0,0,0,0,0,0,0
"Clostridium_sp_MSTE9",0,0,0,0,0,0,0,0,0
"Treponema_lecithinolyticum",0,0,0,0,0,0,0,0,0
"Flavonifractor_sp_An306",0,0,0,0,0,0,0,0,0
"Prevotella_oralis",0,0,0,0,0,0,0,0,0
"Proteus_penneri",0,0,0,0,0,0,0,0,0
"Wohlfahrtiimonas_chitiniclastica",0,0,0,0,0,0,0,0,0
"Kluyvera_cryocrescens",0,0,0,0,0,0,0,0,0
"Bacteroides_sp_CAG_661",0,0,0,0,0,0,0,0,0
"Prevotella_oulorum",0,0,0,0,0,0,0,0,0
"Neisseria_cinerea",0,0,0,0,0,0,0,0,0
"Corynebacterium_oculi",0,0,0,0,0,0,0,0,0
"Kosakonia_sacchari",0,0,0,0,0,0,0,0,0
"Dysgonomonas_sp_37_18",0,0,0,0,0,0,0,0,0
"Obesumbacterium_proteus",0,0,0,0,0,0,0,0,0
"Bacteroides_sartorii",0,0,0,0,0,0,0,0,0
"Aerococcus_urinaeequi",0,0,0,0,0,0,0,0,0
"Thermoleophilum_album",0,0,0,0,0,0,0,0,0
"Bacteroidetes_oral_taxon_274",0,0,0,0,0,0,0,0,0
"Citrobacter_europaeus",0,0,0,0,0,0,0,0,0
"Bifidobacterium_asteroides",0,0,0,0,0,0,0,0,0
"Yersinia_frederiksenii",0,0,0,0,0,0,0,0,0
"Enterococcus_asini",0,0,0,0,0,0,0,0,0
"Bavariicoccus_seileri",0,0,0,0,0,0,0,0,0
"Enterococcus_mundtii",0,0,0,0,0,0,0,0,0
"Anaerostipes_sp_992a",0,0,0,0,0,0,0,0,0
"Lachnoclostridium_sp_An298",0,0,0,0,0,0,0,0,0
"Corynebacterium_callunae",0,0,0,0,0,0,0,0,0
"Methanobrevibacter_arboriphilus",0,0,0,0,0,0,0,0,0
"Brachybacterium_alimentarium",0,0,0,0,0,0,0,0,0
"Bacteroides_heparinolyticus",0,0,0,0,0,0,0,0,0
"Bacteroides_sp_OM05_12",0,0,0,0,0,0,0,0,0
"Methanobacterium_formicicum",0,0,0,0,0,0,0,0,0
"Succinatimonas_hippei",0,0,0,0,0,0,0,0,0
"Actinobaculum_massiliense",0,0,0,0,0,0,0,0,0
"Lactobacillus_pentosus",0,0,0,0,0,0,0,0,0
"Aspergillus_cristatus",0,0,0,0,0,0,0,0,0
"Bifidobacterium_choerinum",0,0,0,0,0,0,0,0,0
"Selenomonas_artemidis",0,0,0,0,0,0,0,0,0
"Lactobacillus_harbinensis",0,0,0,0,0,0,0,0,0
"Kosakonia_oryzendophytica",0,0,0,0,0,0,0,0,0
"Bacteroidetes_bacterium_oral_taxon_272",0,0,0,0,0,0,0,0,0
"Eikenella_sp_NML130454",0,0,0,0,0,0,0,0,0
"Bacillus_clausii",0,0,0,0,0,0,0,0,0
"Bacillus_rhizosphaerae",0,0,0,0,0,0,0,0,0
"Enterococcus_malodoratus",0,0,0,0,0,0,0,0,0
"Prevotella_multiformis",0,0,0,0,0,0,0,0,0
"Clostridium_cocleatum",0,0,0,0,0,0,0,0,0
"Paraclostridium_bifermentans",0,0,0,0,0,0,0,0,0
"Kocuria_kristinae",0,0,0,0,0,0,0,0,0
"Paenibacillus_aquistagni",0,0,0,0,0,0,0,0,0
"Microbacterium_hominis",0,0,0,0,0,0,0,0,0
"Corynebacterium_striatum",0,0,0,0,0,0,0,0,0
"Oligella_urethralis",0,0,0,0,0,0,0,0,0
"Prevotella_multisaccharivorax",0,0,0,0,0,0,0,0,0
"Pseudoglutamicibacter_albus",0,0,0,0,0,0,0,0,0
"Corynebacterium_riegelii",0,0,0,0,0,0,0,0,0
"Pseudoglutamicibacter_cumminsii",0,0,0,0,0,0,0,0,0
"Peptoniphilus_grossensis",0,0,0,0,0,0,0,0,0
"Brevibacterium_ravenspurgense",0,0,0,0,0,0,0,0,0
"Corynebacterium_freneyi",0,0,0,0,0,0,0,0,0
"Facklamia_ignava",0,0,0,0,0,0,0,0,0
"Corynebacterium_urealyticum",0,0,0,0,0,0,0,0,0
"Ochrobactrum_anthropi",0,0,0,0,0,0,0,0,0
"Methanobrevibacter_oralis",0,0,0,0,0,0,0,0,0
"Corynebacterium_flavescens",0,0,0,0,0,0,0,0,0
"Butyricicoccus_porcorum",0,0,0,0,0,0,0,0,0
"Lactobacillus_sucicola",0,0,0,0,0,0,0,0,0
"Candida_tropicalis",0,0,0,0,0,0,0,0,0
"Corynebacterium_imitans",0,0,0,0,0,0,0,0,0
"Streptococcus_sp_HMSC067H01",0,0,0,0,0,0,0,0,0
"Lactobacillus_gallinarum",0,0,0,0,0,0,0,0,0
"Eubacterium_yurii",0,0,0,0,0,0,0,0,0
"Lactobacillus_dextrinicus",0,0,0,0,0,0,0,0,0
"Bacillus_thermoamylovorans",0,0,0,0,0,0,0,0,0
"Listeria_innocua",0,0,0,0,0,0,0,0,0
"Actinomyces_neuii",0,0,0,0,0,0,0,0,0
"Tyzzerella_sp_An114",0,0,0,0,0,0,0,0,0
"Leptotrichia_sp_oral_taxon_879",0,0,0,0,0,0,0,0,0
"Leptotrichia_sp_oral_taxon_225",0,0,0,0,0,0,0,0,0
"Bacillus_coagulans",0,0,0,0,0,0,0,0,0
"Serratia_rubidaea",0,0,0,0,0,0,0,0,0
"Lactobacillus_coryniformis",0,0,0,0,0,0,0,0,0
"Weissella_paramesenteroides",0,0,0,0,0,0,0,0,0
"Lactobacillus_parafarraginis",0,0,0,0,0,0,0,0,0
"Pseudescherichia_vulneris",0,0,0,0,0,0,0,0,0
"Gordonia_jacobaea",0,0,0,0,0,0,0,0,0
"Agrobacterium_tumefaciens",0,0,0,0,0,0,0,0,0
"Sphingomonas_sp_67_41",0,0,0,0,0,0,0,0,0
"Propionibacterium_namnetense",0,0,0,0,0,0,0,0,0
"Malassezia_restricta",0,0,0,0,0,0,0,0,0
"Kosakonia_oryzae",0,0,0,0,0,0,0,0,0
"Prevotella_sp_CAG_1058",0,0,0,0,0,0,0,0,0
"Jonquetella_anthropi",0,0,0,0,0,0,0,0,0
"Centipeda_periodontii",0,0,0,0,0,0,0,0,0
"Streptococcus_sinensis",0,0,0,0,0,0,0,0,0
"Parabacteroides_sp_426_9",0,0,0,0,0,0,0,0,0
"Megamonas_rupellensis",0,0,0,0,0,0,0,0,0
"Methanobrevibacter_woesei",0,0,0,0,0,0,0,0,0
"Megasphaera_stantonii",0,0,0,0,0,0,0,0,0
"Haemophilus_quentini",0,0,0,0,0,0,0,0,0
"Methanosphaera_sp_SHI1033",0,0,0,0,0,0,0,0,0
"Prevotella_sp_CAG_1124",0,0,0,0,0,0,0,0,0
"Streptococcus_sp_oral_taxon_056",0,0,0,0,0,0,0,0,0
"Gemmiger_sp_An194",0,0,0,0,0,0,0,0,0
"Tropheryma_whipplei",0,0,0,0,0,0,0,0,0
"Helicobacter_pullorum",0,0,0,0,0,0,0,0,0
"Streptococcus_sp_oral_taxon_058",0,0,0,0,0,0,0,0,0
"Gemmiger_sp_An120",0,0,0,0,0,0,0,0,0
"Macrococcus_caseolyticus",0,0,0,0,0,0,0,0,0
"Citrobacter_sp_50677481",0,0,0,0,0,0,0,0,0
"Neisseria_elongata",0,0,0,0,0,0,0,0,0
"Aeromonas_veronii",0,0,0,0,0,0,0,0,0
"Eubacterium_sp_68_3_10",0,0,0,0,0,0,0,0,0
"Lactobacillus_equicursoris",0,0,0,0,0,0,0,0,0
"Pseudomonas_putida_group",0,0,0,0,0,0,0,0,0
"Pseudocitrobacter_faecalis",0,0,0,0,0,0,0,0,0
"Clostridium_sp_SY8519",0,0,0,0,0,0,0,0,0
"Cronobacter_dublinensis",0,0,0,0,0,0,0,0,0
"Pediococcus_stilesii",0,0,0,0,0,0,0,0,0
"Lactobacillus_senioris",0,0,0,0,0,0,0,0,0
"Mitsuokella_sp_oral_taxon_131",0,0,0,0,0,0,0,0,0
"Eubacterium_maltosivorans",0,0,0,0,0,0,0,0,0
"Corynebacterium_vitaeruminis",0,0,0,0,0,0,0,0,0
"Anaerolineaceae_bacterium_oral_taxon_439",0,0,0,0,0,0,0,0,0
"Oribacterium_sp_oral_taxon_078",0,0,0,0,0,0,0,0,0
"Bifidobacterium_moukalabense",0,0,0,0,0,0,0,0,0
"Melissococcus_sp_OM08_11BH",0,0,0,0,0,0,0,0,0
"Terrisporobacter_glycolicus",0,0,0,0,0,0,0,0,0
"Enterococcus_sulfureus",0,0,0,0,0,0,0,0,0
"Bacillus_haynesii",0,0,0,0,0,0,0,0,0
"Lactobacillus_farciminis",0,0,0,0,0,0,0,0,0
"Parabacteroides_chinchillae",0,0,0,0,0,0,0,0,0
"Mycoplasma_bovis",0,0,0,0,0,0,0,0,0
"Megasphaera_cerevisiae",0,0,0,0,0,0,0,0,0
"Arcobacter_cryaerophilus",0,0,0,0,0,0,0,0,0
"Chryseobacterium_sp_VAUSW3",0,0,0,0,0,0,0,0,0
"Alkalibacterium_thalassium",0,0,0,0,0,0,0,0,0
"Methanosphaera_cuniculi",0,0,0,0,0,0,0,0,0
"Weissella_halotolerans",0,0,0,0,0,0,0,0,0
"Lactobacillus_murinus",0,0,0,0,0,0,0,0,0
"Enterobacter_sp_638",0,0,0,0,0,0,0,0,0
"Barnesiella_viscericola",0,0,0,0,0,0,0,0,0
"Bacteroides_salanitronis",0,0,0,0,0,0,0,0,0
"Bacillus_sp_FJAT_27916",0,0,0,0,0,0,0,0,0
"Lachnoclostridium_sp_An196",0,0,0,0,0,0,0,0,0
"Cloacibacillus_sp_An23",0,0,0,0,0,0,0,0,0
"Desulfovibrio_sp_MES5",0,0,0,0,0,0,0,0,0
"Alistipes_sp_CHKCI003",0,0,0,0,0,0,0,0,0
"Lactobacillus_alimentarius",0,0,0,0,0,0,0,0,0
"Corynebacterium_glutamicum",0,0,0,0,0,0,0,0,0
"Paracoccus_sanguinis",0,0,0,0,0,0,0,0,0
"Lactobacillus_coleohominis",0,0,0,0,0,0,0,0,0
"Enterobacter_sp_FS01",0,0,0,0,0,0,0,0,0
"Raoultella_terrigena",0,0,0,0,0,0,0,0,0
"Phascolarctobacterium_sp",0,0,0,0,0,0,0,0,0
"Bacteroides_sp_An322",0,0,0,0,0,0,0,0,0
"Serratia_ficaria",0,0,0,0,0,0,0,0,0
"Schwartzia_succinivorans",0,0,0,0,0,0,0,0,0
"Streptococcus_equinus",0,0,0,0,0,0,0,0,0
"Barnesiella_sp_An55",0,0,0,0,0,0,0,0,0
"Dickeya_chrysanthemi",0,0,0,0,0,0,0,0,0
"Dickeya_fangzhongdai",0,0,0,0,0,0,0,0,0
"Alistipes_sp_CAG_831",0,0,0,0,0,0,0,0,0
"Giardia_intestinalis",0,0,0,0,0,0,0,0,0
"Entamoeba_dispar",0,0,0,0,0,0,0,0,0
"Entamoeba_histolytica",0,0,0,0,0,0,0,0,0
"Pedobacter_himalayensis",0,0,0,0,0,0,0,0,0
"Lachnoclostridium_sp_An76",0,0,0,0,0,0,0,0,0
"Mucispirillum_schaedleri",0,0,0,0,0,0,0,0,0
"Candidatus_Methanomethylophilus_sp_1R26",0,0,0,0,0,0,0,0,0
"Eubacterium_pyruvativorans",0,0,0,0,0,0,0,0,0
"Staphylococcus_simulans",0,0,0,0,0,0,0,0,0
"Carnobacterium_maltaromaticum",0,0,0,0,0,0,0,0,0
"Fusobacterium_hwasookii",0,0,0,0,0,0,0,0,0
"Methanomassiliicoccales_archaeon_RumEn_M1",0,0,0,0,0,0,0,0,0
"Muribaculaceae_bacterium_DSM_103720",0,0,0,0,0,0,0,0,0
"Staphylococcus_vitulinus",0,0,0,0,0,0,0,0,0
"Providencia_rustigianii",0,0,0,0,0,0,0,0,0
"Veillonella_criceti",0,0,0,0,0,0,0,0,0
"Pantoea_anthophila",0,0,0,0,0,0,0,0,0
"Lactobacillus_nodensis",0,0,0,0,0,0,0,0,0
"Megasphaera_sp_BV3C16_1",0,0,0,0,0,0,0,0,0
"Flavonifractor_sp_An82",0,0,0,0,0,0,0,0,0
"Bacteroides_graminisolvens",0,0,0,0,0,0,0,0,0
"Acinetobacter_pittii",0,0,0,0,0,0,0,0,0
"Pseudomonas_versuta",0,0,0,0,0,0,0,0,0
"Selenomonas_sp_oral_taxon_920",0,0,0,0,0,0,0,0,0
"Criibacterium_bergeronii",0,0,0,0,0,0,0,0,0
"Tissierellia_bacterium_KA00581",0,0,0,0,0,0,0,0,0
"Acetatifactor_muris",0,0,0,0,0,0,0,0,0
"Clavibacter_michiganensis",0,0,0,0,0,0,0,0,0
"Cloacibacterium_normanense",0,0,0,0,0,0,0,0,0
"Acinetobacter_junii",0,0,0,0,0,0,0,0,0
"Acidovorax_caeni",0,0,0,0,0,0,0,0,0
"Staphylococcus_pasteuri",0,0,0,0,0,0,0,0,0
"Pseudomonas_lundensis",0,0,0,0,0,0,0,0,0
"Streptococcus_suis",0,0,0,0,0,0,0,0,0
"Hydrogenibacillus_schlegelii",0,0,0,0,0,0,0,0,0
"Limnochorda_pilosa",0,0,0,0,0,0,0,0,0
"Paludisphaera_borealis",0,0,0,0,0,0,0,0,0
"Kouleothrix_aurantiaca",0,0,0,0,0,0,0,0,0
"Franconibacter_helveticus",0,0,0,0,0,0,0,0,0
"Acholeplasma_oculi",0,0,0,0,0,0,0,0,0
"Peptoniphilus_asaccharolyticus",0,0,0,0,0,0,0,0,0
"Romboutsia_hominis",0,0,0,0,0,0,0,0,0
"Mediterranea_sp_An20",0,0,0,0,0,0,0,0,0
"Acinetobacter_idrijaensis",0,0,0,0,0,0,0,0,0
"Oenococcus_oeni",0,0,0,0,0,0,0,0,0
"Klebsiella_quasivariicola",0,0,0,0,0,0,0,0,0
"Phyllobacterium_myrsinacearum",0,0,0,0,0,0,0,0,0
"Vagococcus_lutrae",0,0,0,0,0,0,0,0,0
"Mycoplasma_hominis",0,0,0,0,0,0,0,0,0
"Citrobacter_gillenii",0,0,0,0,0,0,0,0,0
"Acinetobacter_parvus",0,0,0,0,0,0,0,0,0
"Pyrococcus_yayanosii",0,0,0,0,0,0,0,0,0
"Synergistes_jonesii",0,0,0,0,0,0,0,0,0
"Streptococcus_pyogenes",0,0,0,0,0,0,0,0,0
"Lactobacillus_pantheris",0,0,0,0,0,0,0,0,0
"Vibrio_kanaloae",0,0,0,0,0,0,0,0,0
"Lactobacillus_kitasatonis",0,0,0,0,0,0,0,0,0
"Vibrio_fluvialis",0,0,0,0,0,0,0,0,0
"Halomonas_boliviensis",0,0,0,0,0,0,0,0,0
"Xanthomonas_phaseoli",0,0,0,0,0,0,0,0,0
"Mycolicibacterium_obuense",0,0,0,0,0,0,0,0,0
"Sphingopyxis_granuli",0,0,0,0,0,0,0,0,0
"Bosea_vaviloviae",0,0,0,0,0,0,0,0,0
"Stenotrophomonas_rhizophila",0,0,0,0,0,0,0,0,0
"Kocuria_marina",0,0,0,0,0,0,0,0,0
"Microlunatus_phosphovorus",0,0,0,0,0,0,0,0,0
"Sphingopyxis_terrae",0,0,0,0,0,0,0,0,0
"Fusobacterium_necrogenes",0,0,0,0,0,0,0,0,0
"Neisseria_macacae",0,0,0,0,0,0,0,0,0
"Ileibacterium_valens",0,0,0,0,0,0,0,0,0
"Leuconostoc_kimchii",0,0,0,0,0,0,0,0,0
"Pseudoalteromonas_tetraodonis",0,0,0,0,0,0,0,0,0
"Meiothermus_silvanus",0,0,0,0,0,0,0,0,0
"Pseudoalteromonas_undina",0,0,0,0,0,0,0,0,0
"Pseudoalteromonas_nigrifaciens",0,0,0,0,0,0,0,0,0
"Providencia_stuartii",0,0,0,0,0,0,0,0,0
"Clostridium_argentinense",0,0,0,0,0,0,0,0,0
"Lachnoclostridium_phytofermentans",0,0,0,0,0,0,0,0,0
"Bacteroides_xylanolyticus",0,0,0,0,0,0,0,0,0
"Staphylococcus_sciuri",0,0,0,0,0,0,0,0,0
"Staphylococcus_gallinarum",0,0,0,0,0,0,0,0,0
"Staphylococcus_kloosii",0,0,0,0,0,0,0,0,0
"Bacillus_megaterium",0,0,0,0,0,0,0,0,0
"Prauserella_sp_Am3",0,0,0,0,0,0,0,0,0
"Bacillus_stratosphericus",0,0,0,0,0,0,0,0,0
"Bacillus_altitudinis",0,0,0,0,0,0,0,0,0
"Staphylococcus_capitis",0,0,0,0,0,0,0,0,0
"Aerococcus_viridans",0,0,0,0,0,0,0,0,0
"Bacteroides_pyogenes",0,0,0,0,0,0,0,0,0
"Selenomonas_sp_FOBRC6",0,0,0,0,0,0,0,0,0
"Selenomonas_flueggei",0,0,0,0,0,0,0,0,0
"Leptotrichia_sp_oral_taxon_847",0,0,0,0,0,0,0,0,0
"Lactobacillus_ingluviei",0,0,0,0,0,0,0,0,0
"Helicobacter_equorum",0,0,0,0,0,0,0,0,0
"Selenomonas_sp_oral_taxon_892",0,0,0,0,0,0,0,0,0
"Aeromonas_allosaccharophila",0,0,0,0,0,0,0,0,0
"Campylobacter_curvus",0,0,0,0,0,0,0,0,0
"Selenomonas_sp_oral_taxon_126",0,0,0,0,0,0,0,0,0
"Prevotella_scopos",0,0,0,0,0,0,0,0,0
"Campylobacter_mucosalis",0,0,0,0,0,0,0,0,0
"Leptotrichia_sp_oral_taxon_498",0,0,0,0,0,0,0,0,0
"Ottowia_sp_oral_taxon_894",0,0,0,0,0,0,0,0,0
"Agitococcus_lubricus",0,0,0,0,0,0,0,0,0
"Leptotrichia_buccalis",0,0,0,0,0,0,0,0,0
"Campylobacter_rectus",0,0,0,0,0,0,0,0,0
"Prevotella_baroniae",0,0,0,0,0,0,0,0,0
"Selenomonas_infelix",0,0,0,0,0,0,0,0,0
"Capnocytophaga_gingivalis",0,0,0,0,0,0,0,0,0
"Romboutsia_lituseburensis",0,0,0,0,0,0,0,0,0
"Haemophilus_aegyptius",0,0,0,0,0,0,0,0,0
"Kosakonia_radicincitans",0,0,0,0,0,0,0,0,0
"Porphyromonas_sp_oral_taxon_278",0,0,0,0,0,0,0,0,0
"Oenococcus_alcoholitolerans",0,0,0,0,0,0,0,0,0
"Capnocytophaga_sputigena",0,0,0,0,0,0,0,0,0
"Neisseria_polysaccharea",0,0,0,0,0,0,0,0,0
"Treponema_socranskii",0,0,0,0,0,0,0,0,0
"Treponema_denticola",0,0,0,0,0,0,0,0,0
"Tannerella_forsythia",0,0,0,0,0,0,0,0,0
"Treponema_maltophilum",0,0,0,0,0,0,0,0,0
"Tannerella_sp_oral_taxon_808",0,0,0,0,0,0,0,0,0
"Staphylococcus_argenteus",0,0,0,0,0,0,0,0,0
"Prevotella_marshii",0,0,0,0,0,0,0,0,0
"Bifidobacterium_merycicum",0,0,0,0,0,0,0,0,0
"Pseudomonas_fluorescens_group",0,0,0,0,0,0,0,0,0
"Variovorax_paradoxus",0,0,0,0,0,0,0,0,0
"Pseudomonas_yamanorum",0,0,0,0,0,0,0,0,0
"Mesorhizobium_sp_UASWS1009",0,0,0,0,0,0,0,0,0
"Chryseobacterium_scophthalmum",0,0,0,0,0,0,0,0,0
"Chlorogloea_sp_CCALA_695",0,0,0,0,0,0,0,0,0
"Methylorubrum_populi",0,0,0,0,0,0,0,0,0
"Lysinibacillus_sp_B2A1",0,0,0,0,0,0,0,0,0
"Zymomonas_mobilis",0,0,0,0,0,0,0,0,0
"Enterococcus_phoeniculicola",0,0,0,0,0,0,0,0,0
"Ralstonia_insidiosa",0,0,0,0,0,0,0,0,0
"Eikenella_sp_NML02_A_017",0,0,0,0,0,0,0,0,0
"Pasteurella_canis",0,0,0,0,0,0,0,0,0
"Desulfomicrobium_orale",0,0,0,0,0,0,0,0,0
"Flavobacterium_sp_FEMGT703F",0,0,0,0,0,0,0,0,0
"Sediminibacterium_sp_FEMGT703S",0,0,0,0,0,0,0,0,0
"Tychonema_bourrellyi",0,0,0,0,0,0,0,0,0
"Tepidimonas_fonticaldi",0,0,0,0,0,0,0,0,0
"Acetivibrio_ethanolgignens",0,0,0,0,0,0,0,0,0
"Lactobacillus_intestinalis",0,0,0,0,0,0,0,0,0
"Vagococcus_teuberi",0,0,0,0,0,0,0,0,0
"Filifactor_alocis",0,0,0,0,0,0,0,0,0
"Peptoanaerobacter_stomatis",0,0,0,0,0,0,0,0,0
"Catonella_morbi",0,0,0,0,0,0,0,0,0
"Moraxella_catarrhalis",0,0,0,0,0,0,0,0,0
"Klebsiella_grimontii",0,0,0,0,0,0,0,0,0
"Treponema_vincentii",0,0,0,0,0,0,0,0,0
"Enterococcus_canis",0,0,0,0,0,0,0,0,0
"Treponema_medium",0,0,0,0,0,0,0,0,0
"Serratia_proteamaculans",0,0,0,0,0,0,0,0,0
"Treponema_sp_OMZ_838",0,0,0,0,0,0,0,0,0
"Thermus_scotoductus",0,0,0,0,0,0,0,0,0
"Photobacterium_damselae",0,0,0,0,0,0,0,0,0
"Dolosigranulum_pigrum",0,0,0,0,0,0,0,0,0
"Edwardsiella_tarda",0,0,0,0,0,0,0,0,0
"Aerococcus_christensenii",0,0,0,0,0,0,0,0,0
"Lelliottia_jeotgali",0,0,0,0,0,0,0,0,0
"Corynebacterium_simulans",0,0,0,0,0,0,0,0,0
"Kluyvera_intermedia",0,0,0,0,0,0,0,0,0
"Phytobacter_ursingii",0,0,0,0,0,0,0,0,0
"Paraburkholderia_tropica",0,0,0,0,0,0,0,0,0
"Prevotella_sp_MGM2",0,0,0,0,0,0,0,0,0
"Elizabethkingia_anophelis",0,0,0,0,0,0,0,0,0
"Rahnella_aquatilis",0,0,0,0,0,0,0,0,0
"Rodentibacter_heylii",0,0,0,0,0,0,0,0,0
"Vibrio_furnissii",0,0,0,0,0,0,0,0,0
"Weissella_minor",0,0,0,0,0,0,0,0,0
"Porphyromonas_canoris",0,0,0,0,0,0,0,0,0
"Bifidobacterium_thermacidophilum",0,0,0,0,0,0,0,0,0
"Pantoea_brenneri",0,0,0,0,0,0,0,0,0
"Pseudomonas_simiae",0,0,0,0,0,0,0,0,0
"Anaerococcus_tetradius",0,0,0,0,0,0,0,0,0
"Lactococcus_plantarum",0,0,0,0,0,0,0,0,0
"Bifidobacterium_mongoliense",0,0,0,0,0,0,0,0,0
"Sodalis_praecaptivus",0,0,0,0,0,0,0,0,0
"Eremococcus_coleocola",0,0,0,0,0,0,0,0,0
"Leucobacter_sp_7_1",0,0,0,0,0,0,0,0,0
"Leucobacter_komagatae",0,0,0,0,0,0,0,0,0
"Desulfotomaculum_ruminis",0,0,0,0,0,0,0,0,0
"Methanobacterium_sp_MB1",0,0,0,0,0,0,0,0,0
"Haemophilus_sp_C1",0,0,0,0,0,0,0,0,0
"Weissella_hellenica",0,0,0,0,0,0,0,0,0
"Corynebacterium_pseudodiphtheriticum",0,0,0,0,0,0,0,0,0
"Lactobacillus_crustorum",0,0,0,0,0,0,0,0,0
"Alkaliphilus_oremlandii",0,0,0,0,0,0,0,0,0
"Paenibacillus_polysaccharolyticus",0,0,0,0,0,0,0,0,0
"Lactobacillus_frumenti",0,0,0,0,0,0,0,0,0
"Geobacillus_stearothermophilus",0,0,0,0,0,0,0,0,0
"Corynebacterium_falsenii",0,0,0,0,0,0,0,0,0
"Mycobacterium_avium",0,0,0,0,0,0,0,0,0
"Oligella_ureolytica",0,0,0,0,0,0,0,0,0
"Paenibacillus_sp_7884_2",0,0,0,0,0,0,0,0,0
