"","train_49","train_50","train_51","train_52","train_53","train_54","train_55","train_56","train_57","train_58","train_59","train_60","train_61","train_62","train_63","train_64","train_65","train_66","train_67","train_68"
"Bacteroides_vulgatus",0,0,0,0,0,0,0,0,0,0,0,0,0.15153,0,0,0,0,0,0,0
"Roseburia_faecis",0,0,0,0,0,1.17609,0,0,0,0,0,0.02077,0,0,0,0,0,0,0,0
"Ruminococcus_gnavus",0,0,0,0,0,0,0,0,0,0,4.17723,0,0,0,0,0,0,0,0,0
"Roseburia_intestinalis",0,0,0,0,0,0,0,0,0,0,0,0,0,0,0,0,0,0,0,0
"Blautia_wexlerae",0,0,0,0,0,0.52368,0,0,0,0,0,0,0,0,0,0.01112,0,0,0,0
"Eubacterium_eligens",0,0,0,0,0,0,0,0,0,0,0,0,0,0,0,0,0,0,0,0
"Bacteroides_thetaiotaomicron",0,0,0,0,0,0,0,0,0,0,0,0,0.0094,0,0,0,0,0,0,0
"Faecalibacterium_prausnitzii",0,0.15246,0,0,3.03012,1.53493,0,0,0,0,3.67941,0,0,0,0,3.70301,0,0,0,0
"Coprococcus_comes",0,0,0,0,0,0.00525,0,0,0,0,0,0,0,0,0,0,0,0,0,0
"Ruminococcaceae_bacterium_D16",0,0,0,0,0,0,0,0,0,0,0,0,0,0,0,0,0,0,0,0
"Streptococcus_thermophilus",0,0,0,0,0,0,0,0,0,0.0118,0,0,0,0,0,0,0,0,0,0
"Dialister_invisus",0,0,0,0,0,0,0,0,0,0,0,0,0,0,0,0,0,0,0,0
"Blautia_sp_CAG_257",0,0,0,0,0,0,0,0,0,0,0,0,0,0,0,0,0,0,0,0
"Flavonifractor_plautii",0,0,0,0,0,0,0,0,0,0,0,0,0,0,0,0,0,0,0,0
"Lactococcus_lactis",0,0,0,0,0,0,0,0,0,0,0,0,0,0,0,0,0,0,0,0
"Escherichia_coli",91.44576,82.94113,84.61763,77.09876,44.52276,1.43948,0,74.15942,0,58.47188,52.28969,21.23071,1.31157,47.5229,9.43646,2.22362,75.3204,10.78293,42.315,60.97246
"Firmicutes_bacterium_CAG_94",0,0,0,0,0,0,0,0,0,0,0,0,0,0,0,0,0,0,0,0
"Turicibacter_sanguinis",0,0,0,0,0,0,0,0,0,0,0,0,0,0,0,0,0,0,0,0
"Erysipelatoclostridium_ramosum",0,0,0,0,0,0,0,0,0,0,0,0,0,0,0,0,0,0,0,0
"Fusicatenibacter_saccharivorans",0,0,0,0,0.01343,0,0,0,0,0,0,0,0,0,0,4.04165,0,0,0,0
"Clostridium_disporicum",1.42517,0,0,0,0,0,0,0,0,0,0,0,0,0,0,0,0,0,0,19.46634
"Actinomyces_sp_ICM47",0.02465,0,0,0,0,0,0,0,0,0,0,0,0,0,0,0,0,0,0,0
"Firmicutes_bacterium_CAG_646",0,0,0,0,0,0,0,0,0,0,0,0,0,0,0,0,0,0,0,0
"Intestinibacter_bartlettii",0,0,0,0,0,0,0,0,0,0,0,0,0,0,0,0,0,0,0,0
"Clostridium_spiroforme",0,0,0,0,0,0,0,0,0,0,0,0,0,0,0,0,0,0,0,0
"Clostridium_saccharolyticum",0,0,0,0,0,0,0,0,0,0,0,0,0,0,0,0,0,0,0,0
"Dorea_formicigenerans",0,0,0,0,0,3.28545,0,0,0,0,0,0,0,0,0,1.07712,0,0,0,0
"Streptococcus_salivarius",0.07592,0,0.24738,0,0,0,0,1.59737,0,2.93674,0,0,0,0,1.4419,0.69522,0.43622,64.00183,0,0
"Clostridium_clostridioforme",0,0,0,0,0,0,0,0,0,0,0,0,0,0,0,0,0,0,0,0
"Clostridium_celatum",0,0,0,0,0,0,0,0,0,0,0,0,0,0,0,0,0,0,0,0
"Streptococcus_pasteurianus",0,0,4.69361,8.3298,0,0,0,0,0,0,1.18291,0,0,0,0,0,9.55451,0.02953,1.90056,0
"Eggerthella_lenta",0,0,0,0,0,0,0,0,0,0,0,0,0,0,0,0,0,0,0,0
"Dorea_sp_CAG_317",0,0,0,0,0,0,0,0,0,0,0,0,0,0,0,0,0,0,0,0
"Propionibacterium_freudenreichii",0,0,0,0,0,0,0,0,0,0,0,0,0,0,0,0,0,0,0,0
"Clostridium_innocuum",0,0,0,0,0,0,0,0,0,0,0,0,0,0,0,0,0,0,0,0
"Actinomyces_sp_oral_taxon_181",0,0,0,0,0,0,0,0,0,0,0,0,0,0,0,0,0,0,0,0
"Streptococcus_oralis",0.91561,0,0.00841,0.794,0,0,0,0.235,0,0,0,0,0,0,0,0,0.03251,1.48264,0,0.652
"Klebsiella_pneumoniae",0,0,3.74219,0,0,0,0,0,0,0.31225,0,0.10373,0,0,17.98316,0,3.76207,0.07241,28.45035,0
"Actinomyces_sp_HPA0247",0,0,0,0,0,0,0,0,0,0,0,0,0,0,0,0,0,0,0,0
"Lachnoclostridium_sp_An118",0,0,0,0,0,0,0,0,0,0,0,0,0,0,0,0,0,0,0,0
"Streptococcus_mitis",0.11466,0,0.02492,1.31042,0,0,0,0.56135,0,0.1064,0,0,0,0,0,0,0.01255,0,0,2.21015
"Ruthenibacterium_lactatiformans",0,0,0,0,0,0,0,0,0,0,0,0,0,0,0,0,0,0,0,0
"Atopobium_parvulum",0,0,0,0,0,0,0,0,0,0,0,0,0,0,0,0,0,0,0,0
"Prevotella_copri",0,0.08901,0,0,6.86163,13.00126,0,0,0,0,7.79962,0.00915,0,0,26.38341,11.46912,0.08794,8e-04,0,0
"Actinomyces_sp_S6_Spd3",0,0,0,0,0,0,0,0,0,0,0,0,0,0,0,0,0,0,0,0
"Collinsella_aerofaciens",0,0,0,0,1.06918,1.04789,0,0,0,0,0,0,0,0,0,0.59459,0,0,0,0
"Romboutsia_ilealis",0,0,0,0,0,0,0,0,0,0,0,0,0,0,0,0,0,0,0,0
"Clostridiales_bacterium_CHKCI006",0,0,0,0,0,0,0,0,0,0,0,0,0,0,0,0,0,0,0,0
"Prevotella_sp_CAG_520",0,0,0,0,0.73373,0.41624,0,0,0,0,0,0,0,0,2.94729,0.63728,0,0,0,0
"Eubacterium_siraeum",0,0,0,0,0,0,0,0,0,0,0,0,0,0,0,0,0,0,0,0
"Bacteroides_uniformis",0,0,0,0,0,0,0,0,0,0,0,0,0,0,0,0,0,0,0,0
"Prevotella_sp_CAG_279",0,0.00264,0,0,0,0.09847,0,0,0,0,0,0,0,0,0,0,0,0,0,0
"Ruminococcus_bromii",0,0,0,0,0,0.13155,0,0,0,0,0,0,0,0,0,0,0,0,0,0
"Phascolarctobacterium_succinatutens",0,0,0,0,0.45978,0.29903,0,0,0,0,0,0,0,0,0,0,0,0,0,0
"Prevotella_sp_CAG_873",0,0,0,0,0,0,0,0,0,0,0,0,0,0,0,0,0,0,0,0
"Roseburia_inulinivorans",0,0.04462,0,0,0,0.01811,0,0,0,0,0,0,0,0,0,30.81692,0,0,0,0
"Ruminococcus_torques",0,0.15739,0,0,0,0,0,0,0,0,0,0,0,0,0,0,0,0,0,0
"Bacteroides_stercoris",0,0,0,0,0,0,0,0,0,0,0,0,0,0,0,0,0,0,0,0
"Eubacterium_sp_CAG_251",0,0,0,0,0,0,0,0,0,0,0,0,0,0,0,0,0,0,0,0
"Alistipes_inops",0,0,0,0,0,0,0,0,0,0,0,0,0,0,0,0,0,0,0,0
"Oscillibacter_sp_57_20",0,0,0,0,0,2.38709,0,0,0,0,0,0,0,0,0,0,0,0,0,0
"Bacteroides_dorei",0,0,0,0,0,0,0,0,0,0,0,0,0,0,0,0,0,0,0,0
"Lachnospira_pectinoschiza",0,0,0,0,0,0,0,0,0,0,0,0,0,0,0,0,0,0,0,0
"Prevotella_stercorea",0,0.71033,0,0,0.16246,2.31404,0,0,0.0197,0,0,0,0,0,0,34.9746,0,0,0,0
"Bacteroides_caccae",0,0,0,0,0,0,0,0,0,0,0,0,0,0,0,0,0,0,0,0
"Parabacteroides_distasonis",0,0.17379,0,0,0,0,0,0,0,0,0.00524,0.12618,0,0,0,0,0,0,0,0
"Haemophilus_parainfluenzae",0.061,0.07346,0,0,0,0.17188,0,0,0,1.17663,0.48975,0,0,0,0,0,0,0.72638,0,0
"Odoribacter_splanchnicus",0,0.13117,0,0,0,0,0,0,0,0,0,0,0,0,0,0,0,0,0,0
"Firmicutes_bacterium_CAG_110",0,0,0,0,0,0,0,0,0,0,0,0,0,0,0,0,0,0,0,0
"Coprococcus_eutactus",0,0,0,0,0,0,0,0,0,0,0,0,0,0,0,0,0,0,0,0
"Paraprevotella_xylaniphila",0,0,0,0,0,0,0,0,0,0,0,0,0,0,0,0,0,0,0,0
"Slackia_isoflavoniconvertens",0,0,0,0,0,0,0,0,0,0,0,0,0,0,0,0,0,0,0,0
"Bacteroides_ovatus",0,0,0,0,0,0,0,0,0,0,0,0,0,0,0,0,0,0,0,0
"Bacteroides_sp_CAG_144",0,0,0,0,0,0,0,0,0,0,0,0,0,0,0,0,0,0,0,0
"Clostridium_sp_CAG_58",0,0,0,0,0,0,0,0,0,0,0,0,0,0,0,0,0,0,0,0
"Roseburia_hominis",0,0,0,0,0,3.53577,0,0,0,0,0,0,0,0,0,0,0,0,0,0
"Dorea_longicatena",0,0,0,0,1.32887,0.16067,0,0,0,0,0.53149,0,0,0,0,1.22788,0,0,0,0
"Eubacterium_sp_CAG_38",0,0,0,0,0,0,0,0,0,0,0,0,0,0,0,0,0,0,0,0
"Parabacteroides_merdae",0,0,0,0,0,0,0,0,0,0,0,0,0,0,0,0,0,0,0,0
"Ruminococcus_lactaris",0,0,0,0,0,0,0,0,0,0,0,0,0,0,0,0,0,0,0,0
"Gemmiger_formicilis",0,0,0,0,0,0.08784,0,0,0,0,0,0,0,0,0,0,0,0,0,0
"Bifidobacterium_dentium",0,0,0,0,0,0,0,0,0,0,0,0,0,0,0,0,0,0,0,0
"Blautia_obeum",0,0,0,0,0,0.04952,0,0,0,0,0,0,0,0,0,0,0,0,0,0
"Firmicutes_bacterium_CAG_83",0,0,0,0,0,0,0,0,0,0,0,0,0,0,0,0,0,0,0,0
"Desulfovibrio_piger",0,0,0,0,0,0.28567,0,0,0,0,0,0,0,0,0,0,0,0,0,0
"Eubacterium_rectale",0,0,0,0,0,1.58972,0,0,0,0,0,0.01504,0,0,0,0,0,0,0,0
"Agathobaculum_butyriciproducens",0,0,0,0,0.89741,0.54062,0,0,0,0,0,0,0,0,0,0.14792,0,0,0,0
"Bacteroides_massiliensis",0,0,0,0,0,0,0,0,0,0,0,0,0,0,0,0,0,0,0,0
"Parabacteroides_johnsonii",0,0,0,0,0,0,0,0,0,0,0,0,0,0,0,0,0,0,0,0
"Veillonella_dispar",1.15269,0,0,0,0,0,0,0,0,0,0,0,0,0,0,0,0,2.66794,0,0
"Veillonella_infantium",0.04003,0,0,0,0,0.07662,0,0,0,0,0,0,0,0,0,0,0,4.99777,0,0
"Veillonella_atypica",0.07977,0,0,0,0,0.01534,0,0,0,0,0,0,0,0,0,0,0,7.51064,0,0.5781
"Bacteroides_finegoldii",0,0,0,0,0,0,0,0,0,0,0,0,0,0,0,0,0,0,0,0
"Bifidobacterium_animalis",0,0,0,0,0,0,0,0,0,0,0,0,0,0,0,0,0,0,0,0
"Oscillibacter_sp_CAG_241",0,0,0,0,0,0,0,0,0,0,0,0,0,0,0,0,0,0,0,0
"Bacteroides_intestinalis",0,0,0,0,0,0,0,0,0,0,0,0,0,0,0,0,0,0,0,0
"Anaerostipes_hadrus",0,0,0,0,0,0,0,0,0,0,0,0,0,0,0,0.15246,0,0,0,0
"Clostridium_perfringens",0,0,0,0,0,0,0,0,0,0,0,0,0,0,0,0,0,0,0,0.66102
"Catenibacterium_mitsuokai",0,0,0,0,0.05897,0,0,0,0,0,0,0,0,0,0,0,0,0,0,0
"Streptococcus_parasanguinis",0.011,0,0.00715,0.64111,0,0,0,0,0,0.17107,0,0,0,0,0,0.08472,0,2.12901,0,0
"Butyricimonas_virosa",0,0,0,0,0,0,0,0,0,0,0,0,0,0,0,0,0,0,0,0
"Clostridium_sp_CAG_253",0,0,0,0,0,0,0,0,0,0,0,0,0,0,0,0,0,0,0,0
"Eubacterium_ventriosum",0,0,0,0,0,0,0,0,0,0,0,0,0,0,0,0,0,0,0,0
"Firmicutes_bacterium_CAG_238",0,0,0,0,0,0,0,0,0,0,0,0,0,0,0,0,0,0,0,0
"Alistipes_finegoldii",0,0,0,0,0,0,0,0,0,0,0,0,0,0,0,0,0,0,0,0
"Coprococcus_catus",0,0,0,0,0,1.09488,0,0,0,0,1.46634,0,0,0,0,0.27005,0,0,0,0
"Eubacterium_hallii",0,0,0,0,0,0.06237,0,0,0,0,0,0,0,0,0,0,0,0,0,0
"Alistipes_putredinis",0,0,0,0,0,0,0,0,0,0,0,0,0,0,0,0,0,0,0,0
"Bacteroides_fragilis",0.00196,0.0287,0,0,0,0,0,0,0.00102,0,0,0,0,0,0,0,0,0,0,0
"Bacteroides_cellulosilyticus",0,0,0,0,0,0,0,0,0,0,0,0,0,0,0,0,0,0,0,0
"Veillonella_sp_T11011_6",0.12896,0,0,0,0,0,0,0,0,0,0,0,0,0,0,0,0,0.23738,0,0
"Eubacterium_ramulus",0,0,0,0,0,0,0,0,0,0,0,0,0,0,0,0,0,0,0,0
"Holdemanella_biformis",0,0,0,0,2.13642,0.08045,0,0,0,0,0,0,0,0,0,0,0,0,0,0
"Lawsonibacter_asaccharolyticus",0,0,0,0,0,0,0,0,0,0,0,0,0,0,0,0,0,0,0,0
"Akkermansia_muciniphila",0,0,0,0,0,0,0,0,0,0,0,0,0,0,0,0,0,0,0,0
"Eubacterium_sp_CAG_180",0,0,0,0,0,0.07898,0,0,0,0,0,0,0,0,0,0,0,0,0,0
"Bacteroides_xylanisolvens",0,0.00965,0,0,0,0,0,0,0,0,2.35997,0,0,0,0,0,0,0,0,0
"Ruminococcus_bicirculans",0,0,0,0,0,0,0,0,0,0,0,0,0,0,0,0,0,0,0,0
"Monoglobus_pectinilyticus",0,0,0,0,0,0,0,0,0,0,0,0,0,0,0,0,0,0,0,0
"Coprobacillus_cateniformis",0,0,0,0,0,0,0,0,0,0,0,0,0,0,0,0,0,0,0,0
"Alistipes_shahii",0,0,0,0,0,0,0,0,0,0,0,0,0,0,0,0,0,0,0,0
"Bifidobacterium_bifidum",0,0,0,0,0,0,0,0,0,0,0,0,0,0,0,0,0,0,0,0
"Candidatus_Gastranaerophilales_bacterium",0,0,0,0,0,0,0,0,0,0,0,0,0,0,0,0,0,0,0,0
"Asaccharobacter_celatus",0,0,0,0,0,0,0,0,0,0,0,0,0,0,0,0,0,0,0,0
"Eisenbergiella_tayi",0,0,0,0,0,0,0,0,0,0,0,0,0,0,0,0,0,0,0,0
"Adlercreutzia_equolifaciens",0,0,0,0,0,0,0,0,0,0,0,0,0,0,0,0,0,0,0,0
"Alistipes_onderdonkii",0,0,0,0,0,0,0,0,0,0,0,0,0,0,0,0,0,0,0,0
"Ruminococcaceae_bacterium_D5",0,0,0,0,0,0,0,0,0,0,0,0,0,0,0,0,0,0,0,0
"Hungatella_hathewayi",0,0,0,0,0,0,0,0,0,0,0,0,0,0,0,0,0,0,0,0
"Bilophila_wadsworthia",0,0,0,0,0,0,0,0,0,0,0,0,0,0,0,0,0,0,0,0
"Holdemania_filiformis",0,0,0,0,0,0,0,0,0,0,0,0,0,0,0,0,0,0,0,0
"Intestinimonas_butyriciproducens",0,0,0,0,0,0,0,0,0,0,0,0,0,0,0,0,0,0,0,0
"Gordonibacter_pamelaeae",0,0,0,0,0,0,0,0,0,0,0,0,0,0,0,0,0,0,0,0
"Parvimonas_micra",0,0,0,0,0,0,0,0,0,0,0,0,0,0,0,0,0,0,0,0
"Collinsella_stercoris",0,0,0,0,0,0,0,0,0,0,0,0,0,0,0,0,0,0,0,0
"Eubacterium_sp_CAG_274",0,0,0,0,0,0,0,0,0,0,0,0,0,0,0,0,0,0,0,0
"Anaeromassilibacillus_sp_An250",0,0,0,0,0,0,0,0,0,0,0,0,0,0,0,0,0,0,0,0
"Flavonifractor_sp_An100",0,0,0,0,0,0,0,0,0,0,0,0,0,0,0,0,0,0,0,0
"Ruminococcus_obeum_CAG_39",0,0,0,0,0,0.01827,0,0,0,0,0,0,0,0,0,0,0,0,0,0
"Collinsella_massiliensis",0,0,0,0,0,0,0,0,0,0,0,0,0,0,0,0,0,0,0,0
"Anaerotruncus_colihominis",0,0,0,0,0,0,0,0,0,0,0,0,0,0,0,0,0,0,0,0
"Roseburia_sp_CAG_471",0,0,0,0,0,0,0,0,0,0,0,0,0,0,0,0,0,0,0,0
"Gemella_morbillorum",0,0,0,0,0,0,0,0,0,0,0,0,0,0,0,0,0,0,0,0
"Collinsella_intestinalis",0,0,0,0,0,0,0,0,0,0,0,0,0,0,0,0,0,0,0,0
"Streptococcus_milleri",0,0,0,0,0,0,0,0,0,0,0,0,0,0,0,0,0,0,0,0
"Harryflintia_acetispora",0,0,0,0,0,0,0,0,0,0,0,0,0,0,0,0,0,0,0,0
"Atopobium_rimae",0,0,0,0,0,0,0,0,0,0,0,0,0,0,0,0,0,0,0,0
"Clostridium_symbiosum",0,0,0,0,0,0,0,0,0,0,0,0,0,0,0,0,0,0,0,0
"Enterorhabdus_caecimuris",0,0,0,0,0,0,0,0,0,0,0,0,0,0,0,0,0,0,0,0
"Firmicutes_bacterium_CAG_170",0,0,0,0,0,0,0,0,0,0,0,0,0,0,0,0,0,0,0,0
"Bifidobacterium_adolescentis",0,0,0,0,0,0,0,0,0,0,0,0,0,0,0,0,0,0,0,0
"Lactobacillus_salivarius",0,0,0,0,0,0,0,0,0,0,0,0,0,0,0,0,0,0,0,0
"Methanobrevibacter_smithii",0,0,0,0,0,0,0,0,0,0,0,0,0,0,0,0,0,0,0,0
"Coprobacter_fastidiosus",0,0,0,0,0,0,0,0,0,0,0,0,0,0,0,0,0,0,0,0
"Bifidobacterium_scardovii",0,0,0,0,0,0,0,0,0,0,0,0,0,0,0,0,0,0,0,0
"Streptococcus_anginosus_group",0,0,0,0,0.65142,0,0,0,0,0,0,0,0,0,0,0,0,0,0,0
"Bifidobacterium_longum",0,0,0,0,0,0,0,0,0,0,0,0,0,0,0,0,0,0,0,0
"Lactobacillus_paragasseri",0,0,0,0,0,0,0,0,0,0,0,0,0,0,0,0,0,0,0,0
"Lactobacillus_gasseri",0,0,0,0,0,0,0,0,0,0,0,0,0,0,0,0,0,0,0,0
"Parascardovia_denticolens",0,0,0,0,0,0,0,0,0,0,0,0,0,0,0,0,0,0,0,0
"Actinomyces_oris",0,0,0,0,0,0,0,0,0,0,0,0,0,0,0,0,0,0,0,0
"Lactobacillus_gastricus",0,0,0,0,0,0,0,0,0,0,0,0,0,0,0,0,0,0,0,0
"Streptococcus_mutans",0,0,0,0,0,0,0,0,0,0,0,0,0,0,0,0,0,0,0,0
"Lactobacillus_crispatus",0,0,0,0,0,0,0,0,0,0,0,0,0,0,0,0,0,0,0,0
"Lactobacillus_mucosae",0,0,0,0,0,0,0,0,0,0,0,0,0,0,0,0,0,0,0,0
"Lactobacillus_delbrueckii",0,0,0,0,0,0,0,0,0,0,0,0,0,0,0,0,0,0,0,0
"Enterococcus_faecium",0,0,0,0,0,0,0,0,0,0,0,0,0,0,0,0,0,0,1.01286,0
"Lactobacillus_oris",0,0,0,0,0,0,0,0,0,0,0,0,0,0,0,0,0,0,0,0
"Lactobacillus_fermentum",0,0,0.0037,0,0,0,0,0,0,0,0,0,0,0,0,0,0,0,0,0
"Sanguibacteroides_justesenii",0,0,0,0,0,0,0,0,0,0,0,0,0,0,0,0,0,0,0,0
"Prevotella_sp_CAG_755",0,0,0,0,0,0,0,0,0,0,0,0,0,0,0,0,0,0,0,0
"Bacteroides_salyersiae",0,0,0,0,0,0,0,0,0,0,0,0,0,0,0,0,0,0,0,0
"Barnesiella_intestinihominis",0,0,0,0,0,0,0,0,0,0,0,0,0,0,0,0,0,0,0,0
"Bacteroides_eggerthii",0,0,0,0,0,0,0,0,0,0,0,0,0,0,0,0,0,0,0,0
"Clostridium_sp_CAG_590",0,0,0,0,0,0,0,0,0,0,0,0,0,0,0,0,0,0,0,0
"Ruminococcus_sp_CAG_403",0,0,0,0,0,0,0,0,0,0,0,0,0,0,0,0,0,0,0,0
"Roseburia_sp_CAG_309",0,0,0,0,0,0,0,0,0,0,0,0,0,0,0,0,0,0,0,0
"Parasutterella_excrementihominis",0,0,0,0,0,0,0,0,0,0,0,0,0,0,0,0,0,0,0,0
"Roseburia_sp_CAG_182",0,0,0,0,0,0,0,0,0,0,0,0,0,0,0,0,0,0,0,0
"Firmicutes_bacterium_CAG_95",0,0,0,0,0,0,0,0,0,0,0,0,0,0,0,0,0,0,0,0
"Alistipes_indistinctus",0,0,0,0,0,0,0,0,0,0,0,0,0,0,0,0,0,0,0,0
"Butyricimonas_synergistica",0,0,0,0,0,0,0,0,0,0,0,0,0,0,0,0,0,0,0,0
"Clostridium_sp_CAG_167",0,0,0,0,0,0,0,0,0,0,0,0,0,0,0,0,0,0,0,0
"Streptococcus_vestibularis",0,0,0.25182,0,0,0,0,0,0,0.04626,0,0,0,0,0,0,0.68963,0,0,0
"Coprobacter_secundus",0,0,0,0,0,0,0,0,0,0,0,0,0,0,0,0,0,0,0,0
"Gemella_sanguinis",0,0,0,0,0,0,0,0,0,0,0,0,0,0,0,0,0,0,0,0
"Clostridium_leptum",0,0,0,0,0,0,0,0,0,0,0,0,0,0,0,0,0,0,0,0
"Oscillibacter_sp_PC13",0,0,0,0,0,0,0,0,0,0,0,0,0,0,0,0,0,0,0,0
"Proteobacteria_bacterium_CAG_139",0,0,0,0,0,0,0,0,0,0,0,0,0,0,0,0,0,0,0,0
"Clostridium_citroniae",0,0,0,0,0,0,0,0,0,0,0,0,0,0,0,0,0,0,0,0
"Pseudoflavonifractor_capillosus",0,0,0,0,0,0,0,0,0,0,0,0,0,0,0,0,0,0,0,0
"Methanosphaera_stadtmanae",0,0,0,0,0,0,0,0,0,0,0,0,0,0,0,0,0,0,0,0
"Olsenella_scatoligenes",0,0,0,0,0,0,0,0,0,0,0,0,0,0,0,0,0,0,0,0
"Bacteroides_faecis",0,0,0,0,0,0,0,0,0,0,0,0,0,0,0,0,0,0,0,0
"Victivallis_vadensis",0,0,0,0,0,0,0,0,0,0,0,0,0,0,0,0,0,0,0,0
"Phascolarctobacterium_faecium",0,0,0,0,0,0,0,0,0,0,0,0,0,0,0,0,0,0,0,0
"Bacteroides_clarus",0,0,0,0,0,0,0,0,0,0,0,0,0,0,0,0,0,0,0,0
"Actinomyces_odontolyticus",0,0,0,0.25002,0,0,0,0,0,0.06983,0,0,0,0,0,0,0,0,0,0
"Turicimonas_muris",0,0,0,0,0,0,0,0,0,0,0,0,0,0,0,0,0,0,0,0
"Bacteroides_nordii",0,0,0,0,0,0,0,0,0,0,0,0,0,0,0,0,0,0,0,0
"Parabacteroides_goldsteinii",0,0,0,0,0,0,0,0,0,0,0,0,0,0,0,0,0,0,0,0
"Clostridium_bolteae",0,0,0,0,0,0,0,0,0,0,0,0,0,0,0,0,0,0,0,0
"Anaerotruncus_sp_CAG_528",0,0,0,0,0,0,0,0,0,0,0,0,0,0,0,0,0,0,0,0
"Bacteroides_coprocola",0,0,0,0,0,0,0,0,0,0,0,0,0,0,0,0,0,0,0,0
"Bacteroides_faecis_CAG_32",0,0,0,0,0,0,0,0,0,0,0,0,0,0,0,0,0,0,0,0
"Veillonella_parvula",0.46964,0,0,0,0.2454,0,0,0,0,0,0,0,0,0,0,0,0,4.03435,0,0
"Bacteroides_plebeius",0,0,0,0,0,0,0,0,0,0,0,0,0,0,0,0,0,0,0,0
"Oxalobacter_formigenes",0,0,0,0,0,0,0,0,0,0,0,0,0,0,0,0,0,0,0,0
"Bifidobacterium_angulatum",0,0,0,0,0,0,0,0,0,0,0,0,0,0,0,0,0,0,0,0
"Blastocystis_sp_subtype_1",0,0,0,0,0,0,0,0,0,0,0,0,0,0,0,0,0,0,0,0
"Bacteroides_coprophilus",0,0,0,0,0,0,0,0,0,0,0,0,0,0,0,0,0,0,0,0
"Prevotella_bivia",0,0,0,0,0,0,0,0,0,0,0,0,0,0,0,0,0,0,0,0
"Allisonella_histaminiformans",0,0,0,0,0,0.06251,0,0,0,0,0,0,0,0,0,0,0,0,0,0
"Paraprevotella_clara",0,0,0,0,0,0,0,0,0,0,0,0,0,0,0,0,0,0,0,0
"Sutterella_parvirubra",0,0,0,0,0,0.14922,0,0,0,0,0.02763,0,0,0,0,0,0,0,0,0
"Firmicutes_bacterium_CAG_555",0,0,0,0,0,0,0,0,0,0,0,0,0,0,0,0,0,0,0,0
"Cloacibacillus_porcorum",0,0,0,0,0,0,0,0,0,0,0,0,0,0,0,0,0,0,0,0
"Bacteroides_pectinophilus",0,0,0,0,0,0,0,0,0,0,0,0,0,0,0,0,0,0,0,0
"Actinomyces_sp_oral_taxon_448",0,0,0,0,0,0,0,0,0,0,0,0,0,0,0,0,0,0,0,0
"Dialister_sp_CAG_357",0,0,0,0,0,0,0,0,0,0,0,0,0,0,0,0,0,0,0,0
"Bacteroides_sp_CAG_633",0,0,0,0,0,0,0,0,0,0,0,0,0,0,0,0,0,0,0,0
"Streptococcus_sobrinus",0,0,0,0,0,0,0,0,0,0,0,0,0,0,0,0,0,0,0,0
"Acidaminococcus_fermentans",0,0,0,0,0,0,0,0,0,0,0,0,0,0,0,0,0,0,0,0
"Klebsiella_variicola",0,0,0.99889,0,0,0,0,0,0,0.12078,0,0.06358,0,0,2.77429,0,0.56561,0,11.06971,0
"Bifidobacterium_catenulatum",0,0,0,0,0,0,0,0,0,0,0,0,0,0,0,0,0,0,0,0
"Streptococcus_gordonii",0,0,0,0,0,0,0,0,0,0,0,0,0,0,0,0.15343,0,0.70306,0,0
"Enterococcus_faecalis",0.01694,0,0.02998,0,0,0,0,0,0,0,0,0,0,0,0,0,0.0713,0,0,5.94991
"Bifidobacterium_pseudocatenulatum",0,0,0,0,0,0,0,0,0,0,0,0,0,0,0,0.14256,0,0,0,0
"Prevotella_sp_CAG_1185",0,0,0,0,0,0,0,0,0,0,0,0,0,0,0,0,0,0,0,0
"Prevotella_sp_CAG_5226",0,0,0,0,0,0.00378,0,0,0,0,0,0,0,0,1.98897,0,0,0,0,0
"Parabacteroides_sp_CAG_409",0,0,0,0,0,0,0,0,0,0,0,0,0,0,0,0,0,0,0,0
"Firmicutes_bacterium_CAG_145",0,0,0,0,0,0,0,0,0,0,0,0,0,0,0,0,0,0,0,0
"Pseudoflavonifractor_sp_An184",0,0,0,0,0,0,0,0,0,0,0,0,0,0,0,0,0,0,0,0
"Roseburia_sp_CAG_303",0,0,0,0,0,0,0,0,0,0,0,0,0,0,0,0,0,0,0,0
"Prevotella_sp_CAG_1092",0,0,0,0,0,4.19853,0,0,0,0,0,0,0,0,0,0,0,0,0,0
"Streptococcus_lutetiensis",3.13033,0,4.31461,8.53518,3.79505,0,0,0,0,1.46804,5.26636,0,0,52.4771,26.3578,0.13464,8.44982,0.08024,11.92865,9.47042
"Butyricicoccus_pullicaecorum",0,0,0,0,0,0,0,0,0,0,0,0,0,0,0,0,0,0,0,0
"Absiella_dolichum",0,0,0,0,0,0,0,0,0,0,0,0,0,0,0,0,0,0,0,0
"Eubacterium_dolichum_CAG_375",0,0,0,0,0,0,0,0,0,0,0,0,0,0,0,0,0,0,0,0
"Tyzzerella_nexilis",0,0,0,0,0,0,0,0,0,0,0,0,0,0,0,0,0,0,0,0
"Eisenbergiella_massiliensis",0,0,0,0,0,0,0,0,0,0,0,0,0,0,0,0,0,0,0,0
"Clostridium_sp_CAG_242",0,0,0,0,0,0,0,0,0,0,0,0,0,0,0,0,0,0,0,0
"Prevotella_sp_AM42_24",0,0,0,0,0.35097,0.38321,0,0,0,0,0.06095,0,0,0,7.12386,0.0053,0,0,0,0
"Butyrivibrio_sp_CAG_318",0,0,0,0,0,0,0,0,0,0,0,0,0,0,0,0,0,0,0,0
"Alistipes_sp_An66",0,0,0,0,0,0,0,0,0,0,0,0,0,0,0,0,0,0,0,0
"Haemophilus_sp_HMSC71H05",0.01114,0,0,0,0,0.11221,0,0,0,0,0,0,0,0,0,0,0,0,0,0
"Megasphaera_elsdenii",0,0,0,0,0,0,0,0,0,0,0,0,0,0,0,0,0,0,0,0
"Acidaminococcus_intestini",0,0,0,0,0,0,0,0,0,0,0,0,0,0,0,0,0,0,0,0
"Ruminococcus_sp_CAG_330",0,0,0,0,0,0,0,0,0,0,0,0,0,0,0,0,0,0,0,0
"Faecalitalea_cylindroides",0,0,0,0,0,0,0,0,0,0,0,0,0,0,0,0,0,0,0,0
"Blautia_hydrogenotrophica",0,0,0,0,0,0,0,0,0,0,0,0,0,0,0,0,0,0,0,0
"Enorma_massiliensis",0,0,0,0,0,0,0,0,0,0,0,0,0,0,0,0,0,0,0,0
"Anaerotignum_lactatifermentans",0,0,0,0,0,0,0,0,0,0,0,0,0,0,0,0,0,0,0,0
"Desulfovibrio_fairfieldensis",0,0,0,0,0,0,0,0,0,0,0,0,0,0,0,0,0,0,0,0
"Prevotella_sp_CAG_1320",0,0,0,0,0,0,0,0,0,0,0,0,0,0,0,0,0,0,0,0
"Prevotella_sp_CAG_617",0,0,0,0,0,0,0,0,0,0,0,0,0,0,0,0,0,0,0,0
"Flavonifractor_sp_An10",0,0,0,0,0,0,0,0,0,0,0,0,0,0,0,0,0,0,0,0
"Alistipes_timonensis",0,0,0,0,0,0,0,0,0,0,0,0,0,0,0,0,0,0,0,0
"Clostridium_sp_CAG_299",0,0,0,0,0,0,0,0,0,0,0,0,0,0,0,0,0,0,0,0
"Anaerofilum_sp_An201",0,0,0,0,0,0,0,0,0,0,0,0,0,0,0,0,0,0,0,0
"Cloacibacillus_evryensis",0,0,0,0,0,0,0,0,0,0,0,0,0,0,0,0,0,0,0,0
"Enterococcus_hirae",0,0,0.01854,0,0,0,0,0,0,0.02713,0,0,0,0,0,0,0,0,0,0
"Pyramidobacter_piscolens",0,0,0,0,0,0,0,0,0,0,0,0,0,0,0,0,0,0,0,0
"Pseudomonas_aeruginosa_group",0,0,0,0,0,0,0,0,0,0,0,0,0,0,0,0,0,0,0,0
"Lactobacillus_johnsonii",0,0,0,0,0,0,0,0,0,0,0,0,0,0,0,0,0,0,0,0
"Massiliomicrobiota_timonensis",0,0,0,0,0,0,0,0,0,0,0,0,0,0,0,0,0,0,0,0
"Pyramidobacter_sp_C12_8",0,0,0,0,0,0,0,0,0,0,0,0,0,0,0,0,0,0,0,0
"Dialister_succinatiphilus",0,0,0,0,0,0,0,0,0,0,0,0,0,0,0,0,0,0,0,0
"Enterobacter_cloacae_complex",0,0,0,0,0,0,0,0,0,0,0,0.04959,0,0,0,0,0,0,0,0
"Ruminococcus_sp_CAG_488",0,0,0,0,0,0,0,0,0,0,0,0,0,0,0,0,0,0,0,0
"Bacteroides_sp_CAG_530",0,0.05864,0,0,2.34522,1.51683,0,0,0,0,0,0,0,0,0,5.09152,0,0,0,0
"Ruminococcus_callidus",0,0,0,0,0,0,0,0,0,0,0,0,0,0,0,0,0,0,0,0
"Mitsuokella_jalaludinii",0,0,0,0,0,0,0,0,0,0,0,0,0,0,0,0,0,0,0,0
"Phascolarctobacterium_sp_CAG_266",0,0,0,0,0,0,0,0,0,0,0,0,0,0,0,0,0,0,0,0
"Butyrivibrio_crossotus",0,0,0,0,0,0,0,0,0,0,0,0,0,0,0,0,0,0,0,0
"Dielma_fastidiosa",0,0,0,0,0,0,0,0,0,0,0,0,0,0,0,0,0,0,0,0
"Prevotella_sp_CAG_924",0,0,0,0,0,0,0,0,0,0,0,0,0,0,0,0,0,0,0,0
"Lactobacillus_amylovorus",0,0,0,0,0,0,0,0,0,0,0,0,0,0,0,0,0,0,0,0
"Clostridium_sp_CAG_964",0,0,0,0,0,0,0,0,0,0,0,0,0,0,0,0,0,0,0,0
"Lactobacillus_kefiranofaciens",0,0,0,0,0,0,0,0,0,0,0,0,0,0,0,0,0,0,0,0
"Lactobacillus_acidophilus",0,0,0,0,0,0,0,0,0,0,0,0,0,0,0,0,0,0,0,0
"Varibaculum_cambriense",0,0,0,0,0,0,0,0,0,0,0,0,0,0,0,0,0,0,0,0
"Desulfovibrionaceae_bacterium",0,0,0,0,0,0,0,0,0,0,0,0,0,0,0,0,0,0,0,0
"Citrobacter_koseri",0,0,0,0,0,0,0,0,0,0,0,0,0,0,0,0,0,0,0,0
"Lactobacillus_rhamnosus",0,0,0,0,0,0,0,0,0,0,0,0,0,0,0,0,0,0,0,0
"Streptococcus_sanguinis",0,0,0,0.41795,0,0,0,0,0,0,0,0,0,0,0,0,0,0.01274,0,0
"Ruminococcus_sp_CAG_563",0,0,0,0,0,0,0,0,0,0,0,0,0,0,0,0,0,0,0,0
"Prevotella_corporis",0,0,0,0,0,0,0,0,0,0,0,0,0,0,0,0,0,0,0,0
"Mogibacterium_diversum",0,0,0,0,0,0,0,0,0,0,0,0,0,0,0,0,0,0,0,0
"Fretibacterium_fastidiosum",0,0,0,0,0,0,0,0,0,0,0,0,0,0,0,0,0,0,0,0
"Streptococcus_australis",0,0,0,0,0,0,0,0,0,0,0,0,0,0,0,0,0,0,0,0
"Lactobacillus_ruminis",0,0,0,0,0,0,0,0,0,0,0,0,0,0,0,0,0,0,0,0
"Fusobacterium_sp_CAG_439",0,0,0,0,0,0,0,0,0,0,0,0,0,0,0,0,0,0,0,0
"Rothia_mucilaginosa",0.36901,0,0,2.15265,0,0,0,0,0,0.71454,0,0,0,0,0,0.00638,0,0,0,0
"Eubacterium_sp_OM08_24",0,0,0,0,0,0,0,0,0,0,0,0,0,0,0,0,0,0,0,0
"Bacteroides_sp_CAG_927",0,0,0,0,0,0,0,0,0,0,0,0,0,0,0,0,0,0,0,0
"Lactobacillus_rogosae",0,0,0,0,0,0,0,0,0,0,0,0,0,0,0,0,0,0,0,0
"Hafnia_paralvei",0,0,0,0,0,0,0,0,0,0,0,0,0,0,0,0,0,0,0,0
"Hafnia_alvei",0,0,0,0,0,0,0,0,0,0,0,0,0,0,0,0,0,0,0,0
"Bacteroides_sp_43_108",0,0,0,0,0,0,0,0,0,0,0,0,0,0,0,0,0,0,0,0
"Clostridium_asparagiforme",0,0,0,0,0,0,0,0,0,0,0,0,0,0,0,0,0,0,0,0
"Clostridium_lavalense",0,0,0,0,0,0,0,0,0,0,0,0,0,0,0,0,0,0,0,0
"Lactobacillus_sakei",0,0,0,0,0,0,0,0,0,0,0,0,0,0,0,0,0,0,0,0
"Christensenella_minuta",0,0,0,0,0,0,0,0,0,0,0,0,0,0,0,0,0,0,0,0
"Prevotella_sp_CAG_485",0,0,0,0,0,0,0,0,0,0,0,0,0,0,0,0,0,0,0,0
"Enterococcus_durans",0,0,0,0,0,0,0,0,0,0,0,0,0,0,0,0,0,0,0,0
"Bacteroides_galacturonicus",0,0,0,0,0,0,0,0,0,0,0,0,0,0,0,0,0,0,0,0
"Sellimonas_intestinalis",0,0,0,0,0,0,0,0,0,0,0,0,0,0,0,0,0,0,0,0
"Clostridium_bolteae_CAG_59",0,0,0,0,0,0,0,0,0,0,0,0,0,0,0,0,0,0,0,0
"Prevotella_sp_CAG_1031",0,0,0,0,0,0,0,0,0,0,0,0,0,0,0,0,0,0,0,0
"Clostridium_sp_CAG_413",0,0,0,0,0,0,0,0,0,0,0,0,0,0,0,0,0,0,0,0
"Bacteroides_sp_CAG_598",0,0,0,0,0,0,0,0,0,0,0,0,0,0,0,0,0,0,0,0
"Mitsuokella_multacida",0,0,0,0,0,0,0,0,0,0,0,0,0,0,0,0,0,0,0,0
"Megasphaera_sp_DISK_18",0,0,0,0,0,0,0,0,0,0,0,0,0,0,0,0,0,0,0,0
"Klebsiella_quasipneumoniae",0,0,0.86195,0,0,0,0,0,0,0.1422,0,0.10522,0,0,0,0,0.86117,0,3.32288,0
"Alloscardovia_omnicolens",0,0,0,0,0,0,0,0,0,0,0,0,0,0,0,0,0,0,0,0
"Streptococcus_infantis",0,0,0,0.15571,0,0,0,0,0,0,0,0,0,0,0,0,0,0,0,0
"Streptococcus_sp_A12",0.01997,0,0,0,0,0,0,0,0,0,0,0,0,0,0,0,0,0,0,0
"Clostridium_hylemonae",0,0,0,0,0,0,0,0,0,0,0,0,0,0,0,0,0,0,0,0
"Firmicutes_bacterium_CAG_534",0,0,0,0,0,0,0,0,0,0,0,0,0,0,0,0,0,0,0,0
"Ruminococcus_champanellensis",0,0,0,0,0,0,0,0,0,0,0,0,0,0,0,0,0,0,0,0
"Actinomyces_graevenitzii",0,0,0,0,0,0,0,0,0,0,0,0,0,0,0,0,0,0,0,0
"Megamonas_hypermegale",0,0,0,0,0,0,0,0,0,0,0,0,0,0,0,0,0,0,0,0
"Prevotella_sp_885",0,0.01697,0,0,1.6506,2.5381,0,0,0,0,0,0,0,0,3.56286,0,0.00487,0,0,0
"Firmicutes_bacterium_CAG_791",0,0,0,0,0,0,0,0,0,0,0,0,0,0,0,0,0,0,0,0
"Bacteroides_sp_CAG_462",0,0,0,0,0,0,0,0,0,0,0,0,0,0,0,0,0,0,0,0
"Lactobacillus_vaginalis",0,0,0,0,0,0,0,0,0,0,0,0,0,0,0,0,0,0,0,0
"Escherichia_marmotae",0,0,0,0,0,0,0,0,0,0,0,0,0,0,0,0,0,0,0,0
"Brachyspira_sp_CAG_700",0,0,0,0,14.14833,0,0,0,0,0,0,0.58175,0,0,0,0,0,0,0,0
"Clostridium_sp_CAG_510",0,0,0,0,0,0.52983,0,0,0,0,0,0,0,0,0,0,0,0,0,0
"Prevotella_disiens",0,0,0,0,0,0,0,0,0,0,0,0,0,0,0,0,0,0,0,0
"Actinomyces_turicensis",0,0,0,0,0,0,0,0,0,0.56321,0,0,0,0,0,0,0,0,0,0
"Bacteroides_fluxus",0,0,0,0,0,0,0,0,0,0,0,0,0,0,0,0,0,0,0,0
"Fusobacterium_mortiferum",0,0,0,0,0,0,0,0,0,0,0,0,0.83612,0,0,0,0,0.00914,0,0
"Prevotella_melaninogenica",0.24399,0,0,0,0,0,0,0,0,0,0,0,0,0,0,0,0,0,0,0
"Neisseria_flavescens",0.076,0,0,0,0,0.18659,0,0,0,3.14747,0,0,0,0,0,0,0,0.11117,0,0
"Megasphaera_micronuciformis",0.04338,0,0,0,0,0,0,0,0,0,0,0,0,0,0,0,0,0,0,0
"Prevotella_histicola",0.04127,0,0,0,0,0,0,0,0,0,0,0,0,0,0,0,0,0,0,0
"Prevotella_pallens",0.03368,0,0,0,0,0,0,0,0,0,0,0,0,0,0,0,0,0,0,0
"Oribacterium_sinus",0.01739,0,0,0,0,0,0,0,0,0,0,0,0,0,0,0,0,0,0,0
"Neisseria_perflava",0.01565,0,0,0,0,0,0,0,0,0,0,0,0,0,0,0,0,0,0,0
"Streptococcus_sp_HMSC034E03",0.01238,0,0,0,0,0,0,0,0,0,0,0,0,0,0,0,0,0,0,0
"Prevotella_jejuni",0.01176,0,0,0,0,0,0,0,0,0,0,0,0,0,0,0,0,0,0,0
"Prevotella_salivae",0.01032,0,0,0,0,0,0,0,0,0,0,0,0,0,0,0,0,0,0,0
"Prevotella_buccae",0,0,0,0,0,0,0,0,0,0,0,0,0,0,0,0,0,0,0,0
"Corynebacterium_glucuronolyticum",0,0,0,0,0,0,0,0,0,0,0,0,0,0,0,0,0,0,0,0
"Weissella_confusa",0,0,0.00068,0,0,0,0,0,0,0,0,0,0,0,0,0,0,0,0,0
"Actinomyces_sp_HMSC035G02",0,0,0,0,0,0,0,0,0,0,0,0,0,0,0,0,0,0,0,0
"Fusobacterium_nucleatum",0,0,0,0,0,0,0,0,0,0,0,0,0,0,0,0,0,0,0,0
"Eubacterium_sulci",0,0,0,0,0,0,0,0,0,0,0,0,0,0,0,0,0,0,0,0
"Clostridium_paraputrificum",0,0,0,0,0,0,0,0,0,0,0,0,0,0,0,0,0,0,0,0
"Helicobacter_cinaedi",0,0,0,0,0,0,0,0,0,0,0,0.48085,0,0,0,0,0,0,0,0
"Streptococcus_infantarius",0,0,0,0.06857,0,0,0,0,0,0,0,0,0,0,0,0,0.08427,0,0,0
"Prevotella_buccalis",0,0,0,0,0,0,0,0,0,0,0,0,0,0,0,0,0,0,0,0
"Finegoldia_magna",0,0,0,0,0,0,0,0,0,0,0,0,0,0,0,0,0,0,0,0
"Megamonas_funiformis",0,0,0,0,0,0.04899,0,0,0,0,0,0,0,0,0,0,0,0,0,0
"Cutibacterium_granulosum",0,0,0,0,0,0,0,0,0,0,0,0,0,0,0,0,0,0,0,0
"Alloprevotella_tannerae",0,0,0,0,0,0,0,0,0,0,0,0,0,0,0,0,0,0,0,0
"Campylobacter_jejuni",0,11.8777,0,0,0,0,0,0,0,0,0,0.12577,0,0,0,0,0,0,0,0
"Vibrio_cholerae",0,2.01237,0,0,13.8941,54.40026,99.71067,18.75044,96.25548,28.73353,0,56.71204,97.03247,0,0,2.33889,0,0.04452,0,0
"Helicobacter_fennelliae",0,1.01761,0,0,0,0,0,0,0,0,0,0,0,0,0,0,0,0,0,0
"Streptococcus_gallolyticus",0,0.20268,0,0,0,0,0,0,0,0.03755,0,0,0,0,0,0,0,0,0,0
"Haemophilus_influenzae",0,0.17294,0,0,0,0,0,4.69643,0,0,0,0,0,0,0,0,0,0,0,0
"Staphylococcus_haemolyticus",0,0.05482,0,0,0,0,0,0,0,0,0,0,0,0,0,0,0,0,0,0
"Kocuria_palustris",0,0.04621,0,0,0,0,0,0,0,0,0,0,0,0,0,0,0,0,0,0
"Staphylococcus_arlettae",0,0.0257,0,0,0,0,0,0,0,0,0,0,0,0,0,0,0,0,0,0
"Morganella_morganii",0,0,0.0329,0,0,0,0,0,0,0,3.90275,0,0,0,0,0,0.01674,0,0,0
"Clostridium_butyricum",0,0,0,0,0,0,0,0,0,0,0,0,0,0,0,0,0,0,0,0
"Lawsonella_clevelandensis",0,0,0,0,0,0,0,0,0,0,0,0,0,0,0,0,0,0,0,0
"Bifidobacterium_kashiwanohense",0,0,0,0,0,0,0,0,0,0,0,0,0,0,0,0,0,0,0,0
"Fusobacterium_naviforme",0,0,0,0,0,0,0,0,0,0,0,0,0,0,0,0,0,0,0,0
"Prevotella_timonensis",0,0,0,0,0,0,0,0,0,0,0,0,0,0,0,0,0,0,0,0
"Bacteroides_coagulans",0,0,0,0,0,0,0,0,0,0,0,0,0,0,0,0,0,0,0,0
"Negativicoccus_succinicivorans",0,0,0,0,0,0,0,0,0,0,0,0,0,0,0,0,0,0,0,0
"Anaerococcus_vaginalis",0,0,0,0,0,0,0,0,0,0,0,0,0,0,0,0,0,0,0,0
"Peptoniphilus_harei",0,0,0,0,0,0,0,0,0,0,0,0,0,0,0,0,0,0,0,0
"Anaerococcus_prevotii",0,0,0,0,0,0,0,0,0,0,0,0,0,0,0,0,0,0,0,0
"Porphyromonas_sp_HMSC065F10",0,0,0,0,0,0,0,0,0,0,0,0,0,0,0,0,0,0,0,0
"Facklamia_hominis",0,0,0,0,0,0,0,0,0,0,0,0,0,0,0,0,0,0,0,0
"Peptococcus_niger",0,0,0,0,0,0,0,0,0,0,0,0,0,0,0,0,0,0,0,0
"Corynebacterium_sp_NML130628",0,0,0,0,0,0,0,0,0,0,0,0,0,0,0,0,0,0,0,0
"Peptoniphilus_sp_HMSC062D09",0,0,0,0,0,0,0,0,0,0,0,0,0,0,0,0,0,0,0,0
"Actinomyces_europaeus",0,0,0,0,0,0,0,0,0,0,0,0,0,0,0,0,0,0,0,0
"Bifidobacterium_breve",0,0,0,0,0,0,0,0,0,0,0,0,0,0,0,0,0,0,0,0
"Peptoniphilus_duerdenii",0,0,0,0,0,0,0,0,0,0,0,0,0,0,0,0,0,0,0,0
"Mobiluncus_curtisii",0,0,0,0,0,0,0,0,0,0,0,0,0,0,0,0,0,0,0,0
"Porphyromonas_asaccharolytica",0,0,0,0,0,0,0,0,0,0,0,0,0,0,0,0,0,0,0,0
"Prevotella_bergensis",0,0,0,0,0,0,0,0,0,0,0,0,0,0,0,0,0,0,0,0
"Corynebacterium_sp_NML140438",0,0,0,0,0,0,0,0,0,0,0,0,0,0,0,0,0,0,0,0
"Anaerococcus_hydrogenalis",0,0,0,0,0,0,0,0,0,0,0,0,0,0,0,0,0,0,0,0
"[Collinsella]_massiliensis",0,0,0,0,0,0,0,0,0,0,0,0,0,0,0,0,0,0,0,0
"Atopobium_minutum",0,0,0,0,0,0,0,0,0,0,0,0,0,0,0,0,0,0,0,0
"Acinetobacter_indicus",0,0,0,0,0,0,0,0,0,0,0,0,0,0,0,0,0,0,0,0
"Klebsiella_michiganensis",0,0,0.12448,0,0,0,0,0,0,0,0,0,0,0,0,0,0,0,0,0
"Klebsiella_oxytoca",0,0,0.01094,0,0,0,0,0,0,0,0,0,0,0,0,0,0.01694,0,0,0
"Enterococcus_raffinosus",0,0,0.00975,0,0,0,0,0,0,0,0,0,0,0,0,0,0.03348,0,0,0
"Enterococcus_avium",0,0,0.00045,0,0,0,0,0,0,0,1.95706,0,0,0,0,0,0,0,0,0
"Cutibacterium_avidum",0,0,0,0,0,0,0,0,0,0,0,0,0,0,0,0,0,0,0,0
"Corynebacterium_amycolatum",0,0,0,0,0,0,0,0,0,0,0,0,0,0,0,0,0,0,0,0
"Staphylococcus_hominis",0,0,0,0,0,0,0,0,0,0,0,0,0,0,0,0,0,0,0,0
"Staphylococcus_epidermidis",0,0,0,0,0,0,0,0,0,0,0,0,0,0,0,0,0,0,0,0
"Megasphaera_sp_MJR8396C",0,0,0,0,0,0,0,0,0,0,0,0,0,0,0,0,0,0,0,0
"Corynebacterium_tuberculostearicum",0,0,0,0,0,0,0,0,0,0,0,0,0,0,0,0,0,0,0,0
"Enterococcus_gallinarum",0,0,0,0,0,0,0,0,0,0,0,0,0,0,0,0,0,0,0,0
"Corynebacterium_kefirresidentii",0,0,0,0,0,0,0,0,0,0,0,0,0,0,0,0,0,0,0,0
"Malassezia_globosa",0,0,0,0,0,0,0,0,0,0,0,0,0,0,0,0,0,0,0,0
"Corynebacterium_pseudogenitalium",0,0,0,0,0,0,0,0,0,0,0,0,0,0,0,0,0,0,0,0
"Clostridium_neonatale",0,0,0,0,0,0,0,0,0,0,0,0,0,0,0,0,0,0,0,0
"Anaerococcus_octavius",0,0,0,0,0,0,0,0,0,0,0,0,0,0,0,0,0,0,0,0
"Acidaminococcus_sp_CAG_542",0,0,0,0,0,0,0,0,0,0,0,0,0,0,0,0,0,0,0,0
"Dialister_pneumosintes",0,0,0,0,0,0,0,0,0,0,0,0,0,0,0,0,0,0,0,0
"Kocuria_indica",0,0,0,0,0,0,0,0,0,0,0,0,0,0,0,0,0,0,0,0
"Anaerococcus_nagyae",0,0,0,0,0,0,0,0,0,0,0,0,0,0,0,0,0,0,0,0
"Campylobacter_ureolyticus",0,0,0,0,0,0,0,0,0,0,0,0,0,0,0,0,0,0,0,0
"Kocuria_rhizophila",0,0,0,0,0,0,0,0,0,0,0,0,0,0,0,0,0,0,0,0
"Lactobacillus_iners",0,0,0,0,0,0,0,0,0,0,0,0,0,0,0,0,0,0,0,0
"Dermacoccus_sp_PE3",0,0,0,0,0,0,0,0,0,0,0,0,0,0,0,0,0,0,0,0
"Micrococcus_luteus",0,0,0,0,0,0,0,0,0,0,0,0,0,0,0,0,0,0,0,0
"Corynebacterium_lipophiloflavum",0,0,0,0,0,0,0,0,0,0,0,0,0,0,0,0,0,0,0,0
"Porphyromonas_uenonis",0,0,0,0,0,0,0,0,0,0,0,0,0,0,0,0,0,0,0,0
"Plesiomonas_shigelloides",0,0,0,0,0,0,0,0,0,0,0,0,0,0,0,0,0,0,0,0
"Bifidobacterium_ruminantium",0,0,0,0,0,0,0,0,0,0,0,0,0,0,0,0,0,0,0,0
"Actinomyces_radingae",0,0,0,0,0,0,0,0,0,0,0,0,0,0,0,0,0,0,0,0
"Kytococcus_sedentarius",0,0,0,0,0,0,0,0,0,0,0,0,0,0,0,0,0,0,0,0
"Lactobacillus_saerimneri",0,0,0,0,0,0,0,0,0,0,0,0,0,0,0,0,0,0,0,0
"Rothia_aeria",0,0,0,0.09501,0,0,0,0,0,0,0,0,0,0,0,0,0,0,0,0
"Corynebacterium_matruchotii",0,0,0,0.05375,0,0,0,0,0,0,0,0,0,0,0,0,0,0,0,0
"Streptococcus_sp_F0442",0,0,0,0.04096,0,0,0,0,0,0,0,0,0,0,0,0,0,0.02141,0,0
"Haemophilus_parahaemolyticus",0,0,0,0.03446,0,0,0,0,0,0.04957,0,0,0,0,0,0,0,0,0,0
"Staphylococcus_aureus",0,0,0,0.01502,0,0,0,0,0,0,0,0,0,0,0,0,0,0,0,0
"Anoxybacillus_flavithermus",0,0,0,0.00663,0,0,0,0,0,0,0,0,0,0,0,0,0,0,0,0
"Dermabacter_hominis",0,0,0,0,0,0,0,0,0,0,0,0,0,0,0,0,0,0,0,0
"Corynebacterium_aurimucosum",0,0,0,0,0,0,0,0,0,0,0,0,0,0,0,0,0,0,0,0
"Gemella_haemolysans",0,0,0,0,0,0,0,0,0,0,0,0,0,0,0,0,0,0,0,0
"Campylobacter_hominis",0,0,0,0,0,0,0,0,0,0,0,0,0,0,0,0,0,0,0,0
"Peptoniphilus_lacrimalis",0,0,0,0,0,0,0,0,0,0,0,0,0,0,0,0,0,0,0,0
"Peptoniphilus_sp_BV3C26",0,0,0,0,0,0,0,0,0,0,0,0,0,0,0,0,0,0,0,0
"Peptostreptococcus_anaerobius",0,0,0,0,0,0,0,0,0,0,0,0,0,0,0,0,0,0,0,0
"Cutibacterium_acnes",0,0,0,0,0,0,0,0,0,0,0,0,0,0,0,0,0,0,0,0
"Fusobacterium_sp_oral_taxon_370",0,0,0,0,0,0,0,0,0,0,0,0,0,0,0,0,0,0,0,0
"Actinomyces_sp_oral_taxon_897",0,0,0,0,0,0,0,0,0,0,0,0,0,0,0,0,0,0,0,0
"Anaeroglobus_geminatus",0,0,0,0,0,0,0,0,0,0,0,0,0,0,0,0,0,0,0,0
"Gemella_asaccharolytica",0,0,0,0,0,0,0,0,0,0,0,0,0,0,0,0,0,0,0,0
"Corynebacterium_kroppenstedtii",0,0,0,0,0,0,0,0,0,0,0,0,0,0,0,0,0,0,0,0
"Anaerobiospirillum_thomasii",0,0,0,0,0,0.09397,0,0,0,0,0,0,0,0,0,0,0,0,0,0
"Peptoniphilus_sp_DNF00840",0,0,0,0,0,0,0,0,0,0,0,0,0,0,0,0,0,0,0,0
"Brachyspira_pilosicoli",0,0,0,0,1.64413,0,0.28933,0,3.72381,0,0,20.13765,0,0,0,0,0,0,0,0
"Helicobacter_sp_11_8110",0,0,0,0,0,0.24194,0,0,0,0,0,0,0,0,0,0,0,0,0,0
"Megamonas_funiformis_CAG_377",0,0,0,0,0,0.00688,0,0,0,0,0,0,0,0,0,0,0,0,0,0
"Neisseria_sicca",0,0,0,0,0,0,0,0,0,0.83882,0,0,0,0,0,0,0,0,0,0
"Neisseria_mucosa",0,0,0,0,0,0,0,0,0,0.36346,0,0,0,0,0,0,0,0,0,0
"Escherichia_albertii",0,0,0,0,0,0,0,0,0,0.34539,0,0,0,0,0,0,0,0,0,0
"Haemophilus_haemolyticus",0,0,0,0,0,0,0,0,0,0.08643,0,0,0,0,0,0,0,0.16806,0,0
"Aggregatibacter_segnis",0,0,0,0,0,0,0,0,0,0.04327,0,0,0,0,0,0,0,0.01707,0,0
"Granulicatella_adiacens",0,0,0,0,0,0,0,0,0,0.01574,0,0,0,0,0,0,0,0,0,0
"Arcobacter_butzleri",0,0,0,0,0,0,0,0,0,0,3.3778,0,0,0,0,0,0,0,0,0
"Citrobacter_freundii",0,0,0,0,0,0,0,0,0,0,2.59926,0,0,0,0,0,0,0,0,0
"Comamonas_aquatica",0,0,0,0,0,0,0,0,0,0,2.06732,0,0,0,0,0,0,0,0,0
"Aeromonas_caviae",0,0,0,0,0,0,0,0,0,0,1.76719,0,0,0,0,0,0,0,0,0
"Citrobacter_youngae",0,0,0,0,0,0,0,0,0,0,1.12779,0,0,0,0,0,0,0,0,0
"Acinetobacter_johnsonii",0,0,0,0,0,0,0,0,0,0,0.9,0,0,0,0,0,0,0,0,0
"Microvirgula_aerodenitrificans",0,0,0,0,0,0,0,0,0,0,0.68619,0,0,0,0,0,0,0,0,0
"Comamonas_thiooxydans",0,0,0,0,0,0,0,0,0,0,0.60964,0,0,0,0,0,0,0,0,0
"Citrobacter_werkmanii",0,0,0,0,0,0,0,0,0,0,0.39383,0,0,0,0,0,0,0,0,0
"Shewanella_algae",0,0,0,0,0,0,0,0,0,0,0.34902,0,0,0,0,0,0,0,0,0
"Acinetobacter_ursingii",0,0,0,0,0,0,0,0,0,0,0.34681,0.10682,0,0,0,0,0,0,0,0
"Comamonas_testosteroni",0,0,0,0,0,0,0,0,0,0,0.27492,0,0,0,0,0,0,0,0,0
"Citrobacter_portucalensis",0,0,0,0,0,0,0,0,0,0,0.19661,0,0,0,0,0,0,0,0,0
"Acinetobacter_bereziniae",0,0,0,0,0,0,0,0,0,0,0.07264,0.08727,0,0,0,0,0,0,0,0
"Enterococcus_cecorum",0,0,0,0,0,0,0,0,0,0,0.01946,0,0,0,0,0,0,0,0,0
"Acinetobacter_schindleri",0,0,0,0,0,0,0,0,0,0,0.01512,0,0,0,0,0,0,0,0,0
"Acinetobacter_towneri",0,0,0,0,0,0,0,0,0,0,0,0.02566,0,0,0,0,0,0,0,0
"Helicobacter_pylori",0,0,0,0,0,0,0,0,0,0,0,0.01823,0,0,0,0,0,0,0,0.0396
"Comamonas_kerstersii",0,0,0,0,0,0,0,0,0,0,0,0,0.65891,0,0,0,0,0,0,0
"Treponema_succinifaciens",0,0,0,0,0,0,0,0,0,0,0,0,0,0,0,0,0,0,0,0
"Clostridium_sp_CAG_632",0,0,0,0,0,0,0,0,0,0,0,0,0,0,0,0,0,0,0,0
"Clostridium_ventriculi",0,0,0,0,0,0,0,0,0,0,0,0,0,0,0,0,0,0,0,0
"Helicobacter_winghamensis",0,0,0,0,0,0,0,0,0,0,0,0,0,0,0,0,0,0,0,0
"Bacillus_cereus_group",0,0,0,0,0,0,0,0,0,0,0,0,0,0,0,0,0,0,0,0
"Streptococcus_macedonicus",0,0,0,0,0,0,0,0,0,0,0,0,0,0,0,0,0,0,0,0
"Cronobacter_sakazakii",0,0,0,0,0,0,0,0,0,0,0,0,0,0,0,0,0,0,0,0
"Klebsiella_aerogenes",0,0,0,0,0,0,0,0,0,0,0,0,0,0,0,0,0,0,0,0
"Enterobacter_mori",0,0,0,0,0,0,0,0,0,0,0,0,0,0,0,0,0,0,0,0
"Treponema_berlinense",0,0,0,0,0,0,0,0,0,0,0,0,0,0,0,0,0,0,0,0
"Haemophilus_pittmaniae",0,0,0,0,0,0,0,0,0,0,0,0,0,0,0,0,0,0,0,0
"Dialister_micraerophilus",0,0,0,0,0,0,0,0,0,0,0,0,0,0,0,0,0,0,0,0
"Eubacterium_coprostanoligenes",0,0,0,0,0,0,0,0,0,0,0,0,0,0,0,0,0,0,0,0
"Corynebacterium_resistens",0,0,0,0,0,0,0,0,0,0,0,0,0,0,0,0,0,0,0,0
"Corynebacterium_pyruviciproducens",0,0,0,0,0,0,0,0,0,0,0,0,0,0,0,0,0,0,0,0
"Veillonella_rogosae",0,0,0,0,0,0,0,0,0,0,0,0,0,0,0,0,0,0.08052,0,0
"Leptotrichia_wadei",0,0,0,0,0,0,0,0,0,0,0,0,0,0,0,0,0,0.03198,0,0
"Morococcus_cerebrosus",0,0,0,0,0,0,0,0,0,0,0,0,0,0,0,0,0,0.02328,0,0
"Veillonella_rodentium",0,0,0,0,0,0,0,0,0,0,0,0,0,0,0,0,0,0.01719,0,0
"Veillonella_tobetsuensis",0,0,0,0,0,0,0,0,0,0,0,0,0,0,0,0,0,0.00603,0,0
"Prevotella_colorans",0,0,0,0,0,0,0,0,0,0,0,0,0,0,0,0,0,0,0,0
"Prevotella_sp_S7_1_8",0,0,0,0,0,0,0,0,0,0,0,0,0,0,0,0,0,0,0,0
"Granulicatella_elegans",0,0,0,0,0,0,0,0,0,0,0,0,0,0,0,0,0,0,0,0
"Parvimonas_sp_KA00067",0,0,0,0,0,0,0,0,0,0,0,0,0,0,0,0,0,0,0,0
"Sneathia_amnii",0,0,0,0,0,0,0,0,0,0,0,0,0,0,0,0,0,0,0,0
"Leuconostoc_garlicum",0,0,0,0,0,0,0,0,0,0,0,0,0,0,0,0,0,0,0,0
"Cetobacterium_somerae",0,0,0,0,0,0,0,0,0,0,0,0,0,0,0,0,0,0,0,0
"Hungatella_effluvii",0,0,0,0,0,0,0,0,0,0,0,0,0,0,0,0,0,0,0,0
"Veillonella_sp_CAG_933",0,0,0,0,0,0,0,0,0,0,0,0,0,0,0,0,0,0,0,0
"Blautia_coccoides",0,0,0,0,0,0,0,0,0,0,0,0,0,0,0,0,0,0,0,0
"Clostridioides_difficile",0,0,0,0,0,0,0,0,0,0,0,0,0,0,0,0,0,0,0,0
"Corynebacterium_sp_HMSC08A12",0,0,0,0,0,0,0,0,0,0,0,0,0,0,0,0,0,0,0,0
"Corynebacterium_accolens",0,0,0,0,0,0,0,0,0,0,0,0,0,0,0,0,0,0,0,0
"Corynebacterium_jeikeium",0,0,0,0,0,0,0,0,0,0,0,0,0,0,0,0,0,0,0,0
"Campylobacter_coli",0,0,0,0,0,0,0,0,0,0,0,0,0,0,0,0,0,0,0,0
"Campylobacter_upsaliensis",0,0,0,0,0,0,0,0,0,0,0,0,0,0,0,0,0,0,0,0
"Lactobacillus_curvatus",0,0,0,0,0,0,0,0,0,0,0,0,0,0,0,0,0,0,0,0
"Leuconostoc_mesenteroides",0,0,0,0,0,0,0,0,0,0,0,0,0,0,0,0,0,0,0,0
"Rothia_dentocariosa",0,0,0,0,0,0,0,0,0,0,0,0,0,0,0,0,0,0,0,0
"Streptococcus_cristatus",0,0,0,0,0,0,0,0,0,0,0,0,0,0,0,0,0,0,0,0
"Actinobaculum_sp_oral_taxon_183",0,0,0,0,0,0,0,0,0,0,0,0,0,0,0,0,0,0,0,0
"Actinomyces_johnsonii",0,0,0,0,0,0,0,0,0,0,0,0,0,0,0,0,0,0,0,0
"Eubacterium_brachy",0,0,0,0,0,0,0,0,0,0,0,0,0,0,0,0,0,0,0,0
"Cardiobacterium_valvarum",0,0,0,0,0,0,0,0,0,0,0,0,0,0,0,0,0,0,0,0
"Lactobacillus_plantarum",0,0,0,0,0,0,0,0,0,0,0,0,0,0,0,0,0,0,0,0
"Leuconostoc_pseudomesenteroides",0,0,0,0,0,0,0,0,0,0,0,0,0,0,0,0,0,0,0,0
"Lactobacillus_otakiensis",0,0,0,0,0,0,0,0,0,0,0,0,0,0,0,0,0,0,0,0
"Lactococcus_petauri",0,0,0,0,0,0,0,0,0,0,0,0,0,0,0,0,0,0,0,0
"Aeriscardovia_aeriphila",0,0,0,0,0,0,0,0,0,0,0,0,0,0,0,0,0,0,0,0
"Enterococcus_pseudoavium",0,0,0,0,0,0,0,0,0,0,0,0,0,0,0,0,0,0,0,0
"Catabacter_hongkongensis",0,0,0,0,0,0,0,0,0,0,0,0,0,0,0,0,0,0,0,0
"Bacteroides_sp_D2",0,0,0,0,0,0,0,0,0,0,0,0,0,0,0,0,0,0,0,0
"Clostridium_scindens",0,0,0,0,0,0,0,0,0,0,0,0,0,0,0,0,0,0,0,0
"Haemophilus_sputorum",0,0,0,0,0,0,0,0,0,0,0,0,0,0,0,0,0,0,0,0
"Bacteroides_faecichinchillae",0,0,0,0,0,0,0,0,0,0,0,0,0,0,0,0,0,0,0,0
"Lachnoclostridium_sp_An14",0,0,0,0,0,0,0,0,0,0,0,0,0,0,0,0,0,0,0,0
"Lachnoclostridium_sp_An138",0,0,0,0,0,0,0,0,0,0,0,0,0,0,0,0,0,0,0,0
"Actinomyces_naeslundii",0,0,0,0,0,0,0,0,0,0,0,0,0,0,0,0,0,0,0,0
"Enterococcus_italicus",0,0,0,0,0,0,0,0,0,0,0,0,0,0,0,0,0,0,0,0
"Denitrobacterium_detoxificans",0,0,0,0,0,0,0,0,0,0,0,0,0,0,0,0,0,0,0,0
"Olsenella_profusa",0,0,0,0,0,0,0,0,0,0,0,0,0,0,0,0,0,0,0,0
"Solobacterium_moorei",0,0,0,0,0,0,0,0,0,0,0,0,0,0,0,0,0,0,0,0
"Anaeromassilibacillus_sp_An172",0,0,0,0,0,0,0,0,0,0,0,0,0,0,0,0,0,0,0,0
"Saccharomyces_cerevisiae",0,0,0,0,0,0,0,0,0,0,0,0,0,0,0,0,0,0,0,0
"Terrisporobacter_othiniensis",0,0,0,0,0,0,0,0,0,0,0,0,0,0,0,0,0,0,0,0
"Lactobacillus_pontis",0,0,0,0,0,0,0,0,0,0,0,0,0,0,0,0,0,0,0,0
"Abiotrophia_sp_HMSC24B09",0,0,0,0,0,0,0,0,0,0,0,0,0,0,0,0,0,0,0,0
"Streptococcus_sp_M334",0,0,0,0,0,0,0,0,0,0,0,0,0,0,0,0,0,0,0,0
"Clostridium_aldenense",0,0,0,0,0,0,0,0,0,0,0,0,0,0,0,0,0,0,0,0
"Clostridium_sp_7_2_43FAA",0,0,0,0,0,0,0,0,0,0,0,0,0,0,0,0,0,0,0,0
"Lactococcus_garvieae",0,0,0,0,0,0,0,0,0,0,0,0,0,0,0,0,0,0,0,0
"Propionibacterium_acidifaciens",0,0,0,0,0,0,0,0,0,0,0,0,0,0,0,0,0,0,0,0
"Blautia_producta",0,0,0,0,0,0,0,0,0,0,0,0,0,0,0,0,0,0,0,0
"Streptococcus_sp_NLAE_zl_C503",0,0,0,0,0,0,0,0,0,0,0,0,0,0,0,0,0,0,0,0
"Actinomyces_massiliensis",0,0,0,0,0,0,0,0,0,0,0,0,0,0,0,0,0,0,0,0
"Pseudopropionibacterium_propionicum",0,0,0,0,0,0,0,0,0,0,0,0,0,0,0,0,0,0,0,0
"Lactonifactor_longoviformis",0,0,0,0,0,0,0,0,0,0,0,0,0,0,0,0,0,0,0,0
"Rikenella_microfusus",0,0,0,0,0,0,0,0,0,0,0,0,0,0,0,0,0,0,0,0
"Clostridium_sp_D5",0,0,0,0,0,0,0,0,0,0,0,0,0,0,0,0,0,0,0,0
"Faecalicatena_orotica",0,0,0,0,0,0,0,0,0,0,0,0,0,0,0,0,0,0,0,0
"Anaerofustis_stercorihominis",0,0,0,0,0,0,0,0,0,0,0,0,0,0,0,0,0,0,0,0
"Clostridium_methylpentosum",0,0,0,0,0,0,0,0,0,0,0,0,0,0,0,0,0,0,0,0
"Eubacteriaceae_bacterium_CHKCI005",0,0,0,0,0,0,0,0,0,0,0,0,0,0,0,0,0,0,0,0
"Fusobacterium_varium",0,0,0,0,0,0,0,0,0,0,0,0,0,0,0,0,0,0,0,0
"Pediococcus_acidilactici",0,0,0,0,0,0,0,0,0,0,0,0,0,0,0,0,0,0,0,0
"Olsenella_uli",0,0,0,0,0,0,0,0,0,0,0,0,0,0,0,0,0,0,0,0
"Citrobacter_braakii",0,0,0,0,0,0,0,0,0,0,0,0,0,0,0,0,0,0,0,0
"Actinomyces_sp_oral_taxon_180",0,0,0,0,0,0,0,0,0,0,0,0,0,0,0,0,0,0,0,0
"Streptococcus_sp_HPH0090",0,0,0,0,0,0,0,0,0,0,0,0,0,0,0,0,0,0,0,0
"Scardovia_wiggsiae",0,0,0,0,0,0,0,0,0,0,0,0,0,0,0,0,0,0,0,0
"Mogibacterium_timidum",0,0,0,0,0,0,0,0,0,0,0,0,0,0,0,0,0,0,0,0
"Atopobium_deltae",0,0,0,0,0,0,0,0,0,0,0,0,0,0,0,0,0,0,0,0
"Clostridium_sp_CAG_411",0,0,0,0,0,0,0,0,0,0,0,0,0,0,0,0,0,0,0,0
"Sharpea_azabuensis",0,0,0,0,0,0,0,0,0,0,0,0,0,0,0,0,0,0,0,0
"Fusobacterium_equinum",0,0,0,0,0,0,0,0,0,0,0,0,0,0,0,0,0,0,0,0
"Fusobacterium_gonidiaformans",0,0,0,0,0,0,0,0,0,0,0,0,0,0,0,0,0,0,0,0
"Bacteroides_sp_CAG_443",0,0,0,0,0,0,0,0,0,0,0,0,0,0,0,0,0,0,0,0
"Actinomyces_cardiffensis",0,0,0,0,0,0,0,0,0,0,0,0,0,0,0,0,0,0,0,0
"Peptostreptococcus_stomatis",0,0,0,0,0,0,0,0,0,0,0,0,0,0,0,0,0,0,0,0
"Eubacterium_limosum",0,0,0,0,0,0,0,0,0,0,0,0,0,0,0,0,0,0,0,0
"Ruminococcus_sp_CAG_624",0,0,0,0,0,0,0,0,0,0,0,0,0,0,0,0,0,0,0,0
"Eubacterium_callanderi",0,0,0,0,0,0,0,0,0,0,0,0,0,0,0,0,0,0,0,0
"Butyribacterium_methylotrophicum",0,0,0,0,0,0,0,0,0,0,0,0,0,0,0,0,0,0,0,0
"Tetragenococcus_halophilus",0,0,0,0,0,0,0,0,0,0,0,0,0,0,0,0,0,0,0,0
"Weissella_viridescens",0,0,0,0,0,0,0,0,0,0,0,0,0,0,0,0,0,0,0,0
"Eubacterium_sp_An11",0,0,0,0,0,0,0,0,0,0,0,0,0,0,0,0,0,0,0,0
"Firmicutes_bacterium_CAG_424",0,0,0,0,0,0,0,0,0,0,0,0,0,0,0,0,0,0,0,0
"Corynebacterium_durum",0,0,0,0,0,0,0,0,0,0,0,0,0,0,0,0,0,0,0,0
"Streptococcus_agalactiae",0,0,0,0,0,0,0,0,0,0,0,0,0,0,0,0,0,0,0,0
"Lactobacillus_antri",0,0,0,0,0,0,0,0,0,0,0,0,0,0,0,0,0,0,0,0
"Actinomyces_hongkongensis",0,0,0,0,0,0,0,0,0,0,0,0,0,0,0,0,0,0,0,0
"Actinomyces_sp_oral_taxon_414",0,0,0,0,0,0,0,0,0,0,0,0,0,0,0,0,0,0,0,0
"Gemella_bergeri",0,0,0,0,0,0,0,0,0,0,0,0,0,0,0,0,0,0,0,0
"Streptococcus_pseudopneumoniae",0,0,0,0,0,0,0,0,0,0,0,0,0,0,0,0,0,0,0,0
"Eubacterium_infirmum",0,0,0,0,0,0,0,0,0,0,0,0,0,0,0,0,0,0,0,0
"Staphylococcus_equorum",0,0,0,0,0,0,0,0,0,0,0,0,0,0,0,0,0,0,0,0
"Corynebacterium_casei",0,0,0,0,0,0,0,0,0,0,0,0,0,0,0,0,0,0,0,0
"Clostridiales_bacterium_1_7_47FAA",0,0,0,0,0,0,0,0,0,0,0,0,0,0,0,0,0,0,0,0
"Desulfovibrio_sp_An276",0,0,0,0,0,0,0,0,0,0,0,0,0,0,0,0,0,0,0,0
"Streptococcus_downei",0,0,0,0,0,0,0,0,0,0,0,0,0,0,0,0,0,0,0,0
"Alcaligenes_aquatilis",0,0,0,0,0,0,0,0,0,0,0,0,0,0,0,0,0,0,0,0
"Stenotrophomonas_maltophilia",0,0,0,0,0,0,0,0,0,0,0,0,0,0,0,0,0,0,0,0
"Proteus_vulgaris",0,0,0,0,0,0,0,0,0,0,0,0,0,0,0,0,0,0,0,0
"Leuconostoc_suionicum",0,0,0,0,0,0,0,0,0,0,0,0,0,0,0,0,0,0,0,0
"Neisseria_subflava",0,0,0,0,0,0,0,0,0,0,0,0,0,0,0,0,0,0,0,0
"Odoribacter_laneus",0,0,0,0,0,0,0,0,0,0,0,0,0,0,0,0,0,0,0,0
"Lactobacillus_animalis",0,0,0,0,0,0,0,0,0,0,0,0,0,0,0,0,0,0,0,0
"Bifidobacterium_pseudolongum",0,0,0,0,0,0,0,0,0,0,0,0,0,0,0,0,0,0,0,0
"Faecalicoccus_pleomorphus",0,0,0,0,0,0,0,0,0,0,0,0,0,0,0,0,0,0,0,0
"Citrobacter_sp_MGH106",0,0,0,0,0,0,0,0,0,0,0,0,0,0,0,0,0,0,0,0
"Megasphaera_hexanoica",0,0,0,0,0,0,0,0,0,0,0,0,0,0,0,0,0,0,0,0
"Lachnoanaerobaculum_saburreum",0,0,0,0,0,0,0,0,0,0,0,0,0,0,0,0,0,0,0,0
"Bacillus_aerius",0,0,0,0,0,0,0,0,0,0,0,0,0,0,0,0,0,0,0,0
"Blautia_hansenii",0,0,0,0,0,0,0,0,0,0,0,0,0,0,0,0,0,0,0,0
"Lactobacillus_helveticus",0,0,0,0,0,0,0,0,0,0,0,0,0,0,0,0,0,0,0,0
"Raoultella_planticola",0,0,0,0,0,0,0,0,0,0,0,0,0,0,0,0,0,0,0,0
"Actinomyces_georgiae",0,0,0,0,0,0,0,0,0,0,0,0,0,0,0,0,0,0,0,0
"Oribacterium_parvum",0,0,0,0,0,0,0,0,0,0,0,0,0,0,0,0,0,0,0,0
"Fusobacterium_periodonticum",0,0,0,0,0,0,0,0,0,0,0,0,0,0,0,0,0,0,0,0
"Peptostreptococcus_sp_MV1",0,0,0,0,0,0,0,0,0,0,0,0,0,0,0,0,0,0,0,0
"Parvimonas_sp_oral_taxon_393",0,0,0,0,0,0,0,0,0,0,0,0,0,0,0,0,0,0,0,0
"Abiotrophia_defectiva",0,0,0,0,0,0,0,0,0,0,0,0,0,0,0,0,0,0,0,0
"Prevotella_intermedia",0,0,0,0,0,0,0,0,0,0,0,0,0,0,0,0,0,0,0,0
"Stomatobaculum_longum",0,0,0,0,0,0,0,0,0,0,0,0,0,0,0,0,0,0,0,0
"Bifidobacterium_pullorum",0,0,0,0,0,0,0,0,0,0,0,0,0,0,0,0,0,0,0,0
"Bifidobacterium_saeculare",0,0,0,0,0,0,0,0,0,0,0,0,0,0,0,0,0,0,0,0
"Bifidobacterium_gallinarum",0,0,0,0,0,0,0,0,0,0,0,0,0,0,0,0,0,0,0,0
"Muribaculum_intestinale",0,0,0,0,0,0,0,0,0,0,0,0,0,0,0,0,0,0,0,0
"Streptococcus_parauberis",0,0,0,0,0,0,0,0,0,0,0,0,0,0,0,0,0,0,0,0
"Enterococcus_casseliflavus",0,0,0,0,0,0,0,0,0,0,0,0,0,0,0,0,0,0,0,0
"Actinomyces_viscosus",0,0,0,0,0,0,0,0,0,0,0,0,0,0,0,0,0,0,0,0
"Enterococcus_devriesei",0,0,0,0,0,0,0,0,0,0,0,0,0,0,0,0,0,0,0,0
"Lactobacillus_sanfranciscensis",0,0,0,0,0,0,0,0,0,0,0,0,0,0,0,0,0,0,0,0
"Leuconostoc_lactis",0,0,0,0,0,0,0,0,0,0,0,0,0,0,0,0,0,0,0,0
"Streptococcus_sp_HMSC071D03",0,0,0,0,0,0,0,0,0,0,0,0,0,0,0,0,0,0,0,0
"Bulleidia_extructa",0,0,0,0,0,0,0,0,0,0,0,0,0,0,0,0,0,0,0,0
"Lachnospiraceae_bacterium_oral_taxon_096",0,0,0,0,0,0,0,0,0,0,0,0,0,0,0,0,0,0,0,0
"Alcaligenes_faecalis",0,0,0,0,0,0,0,0,0,0,0,0,0,0,0,0,0,0,0,0
"Rhodococcus_qingshengii",0,0,0,0,0,0,0,0,0,0,0,0,0,0,0,0,0,0,0,0
"Anaerostipes_caccae",0,0,0,0,0,0,0,0,0,0,0,0,0,0,0,0,0,0,0,0
"Corynebacterium_argentoratense",0,0,0,0,0,0,0,0,0,0,0,0,0,0,0,0,0,0,0,0
"Prevotella_sp_CAG_891",0,0,0,0,0,0,0,0,0,0,0,0,0,0,0,0,0,0,0,0
"Weissella_cibaria",0,0,0,0,0,0,0,0,0,0,0,0,0,0,0,0,0,0,0,0
"Leuconostoc_carnosum",0,0,0,0,0,0,0,0,0,0,0,0,0,0,0,0,0,0,0,0
"Staphylococcus_succinus",0,0,0,0,0,0,0,0,0,0,0,0,0,0,0,0,0,0,0,0
"Alistipes_sp_An31A",0,0,0,0,0,0,0,0,0,0,0,0,0,0,0,0,0,0,0,0
"Staphylococcus_sp_NAM3COL9",0,0,0,0,0,0,0,0,0,0,0,0,0,0,0,0,0,0,0,0
"Streptococcus_viridans",0,0,0,0,0,0,0,0,0,0,0,0,0,0,0,0,0,0,0,0
"Lachnoanaerobaculum_umeaense",0,0,0,0,0,0,0,0,0,0,0,0,0,0,0,0,0,0,0,0
"Cardiobacterium_hominis",0,0,0,0,0,0,0,0,0,0,0,0,0,0,0,0,0,0,0,0
"Mogibacterium_pumilum",0,0,0,0,0,0,0,0,0,0,0,0,0,0,0,0,0,0,0,0
"Campylobacter_gracilis",0,0,0,0,0,0,0,0,0,0,0,0,0,0,0,0,0,0,0,0
"Eubacterium_minutum",0,0,0,0,0,0,0,0,0,0,0,0,0,0,0,0,0,0,0,0
"Staphylococcus_carnosus",0,0,0,0,0,0,0,0,0,0,0,0,0,0,0,0,0,0,0,0
"Pediococcus_pentosaceus",0,0,0,0,0,0,0,0,0,0,0,0,0,0,0,0,0,0,0,0
"Blautia_sp_An249",0,0,0,0,0,0,0,0,0,0,0,0,0,0,0,0,0,0,0,0
"Erysipelothrix_larvae",0,0,0,0,0,0,0,0,0,0,0,0,0,0,0,0,0,0,0,0
"Scardovia_inopinata",0,0,0,0,0,0,0,0,0,0,0,0,0,0,0,0,0,0,0,0
"Eubacterium_saphenum",0,0,0,0,0,0,0,0,0,0,0,0,0,0,0,0,0,0,0,0
"Rhodococcus_erythropolis",0,0,0,0,0,0,0,0,0,0,0,0,0,0,0,0,0,0,0,0
"Lactobacillus_ultunensis",0,0,0,0,0,0,0,0,0,0,0,0,0,0,0,0,0,0,0,0
"Blautia_sp_N6H1_15",0,0,0,0,0,0,0,0,0,0,0,0,0,0,0,0,0,0,0,0
"Streptococcus_peroris",0,0,0,0,0,0,0,0,0,0,0,0,0,0,0,0,0,0,0,0
"Lachnospiraceae_bacterium_2_1_46FAA",0,0,0,0,0,0,0,0,0,0,0,0,0,0,0,0,0,0,0,0
"Enterococcus_dispar",0,0,0,0,0,0,0,0,0,0,0,0,0,0,0,0,0,0,0,0
"Lactobacillus_mindensis",0,0,0,0,0,0,0,0,0,0,0,0,0,0,0,0,0,0,0,0
"Lachnoclostridium_sp_An131",0,0,0,0,0,0,0,0,0,0,0,0,0,0,0,0,0,0,0,0
"Staphylococcus_saprophyticus",0,0,0,0,0,0,0,0,0,0,0,0,0,0,0,0,0,0,0,0
"Lactobacillus_brevis",0,0,0,0,0,0,0,0,0,0,0,0,0,0,0,0,0,0,0,0
"Lactobacillus_senmaizukei",0,0,0,0,0,0,0,0,0,0,0,0,0,0,0,0,0,0,0,0
"Fusobacterium_necrophorum",0,0,0,0,0,0,0,0,0,0,0,0,0,0,0,0,0,0,0,0
"Lactobacillus_reuteri",0,0,0,0,0,0,0,0,0,0,0,0,0,0,0,0,0,0,0,0
"Ruminococcus_sp_CAG_579",0,0,0,0,0,0,0,0,0,0,0,0,0,0,0,0,0,0,0,0
"Lactobacillus_parabuchneri",0,0,0,0,0,0,0,0,0,0,0,0,0,0,0,0,0,0,0,0
"Candida_albicans",0,0,0,0,0,0,0,0,0,0,0,0,0,0,0,0,0,0,0,0
"Lactococcus_raffinolactis",0,0,0,0,0,0,0,0,0,0,0,0,0,0,0,0,0,0,0,0
"Actinomyces_sp_oral_taxon_170",0,0,0,0,0,0,0,0,0,0,0,0,0,0,0,0,0,0,0,0
"Porphyromonas_gingivalis",0,0,0,0,0,0,0,0,0,0,0,0,0,0,0,0,0,0,0,0
"Leptotrichia_sp_oral_taxon_215",0,0,0,0,0,0,0,0,0,0,0,0,0,0,0,0,0,0,0,0
"Eikenella_corrodens",0,0,0,0,0,0,0,0,0,0,0,0,0,0,0,0,0,0,0,0
"Streptococcus_pneumoniae",0,0,0,0,0,0,0,0,0,0,0,0,0,0,0,0,0,0,0,0
"Gardnerella_vaginalis",0,0,0,0,0,0,0,0,0,0,0,0,0,0,0,0,0,0,0,0
"Subdoligranulum_variabile",0,0,0,0,0,0,0,0,0,0,0,0,0,0,0,0,0,0,0,0
"Prevotella_denticola",0,0,0,0,0,0,0,0,0,0,0,0,0,0,0,0,0,0,0,0
"Clostridium_sp_chh4_2",0,0,0,0,0,0,0,0,0,0,0,0,0,0,0,0,0,0,0,0
"Prevotella_nigrescens",0,0,0,0,0,0,0,0,0,0,0,0,0,0,0,0,0,0,0,0
"Slackia_exigua",0,0,0,0,0,0,0,0,0,0,0,0,0,0,0,0,0,0,0,0
"Selenomonas_sputigena",0,0,0,0,0,0,0,0,0,0,0,0,0,0,0,0,0,0,0,0
"Prevotella_oris",0,0,0,0,0,0,0,0,0,0,0,0,0,0,0,0,0,0,0,0
"Leptotrichia_sp_oral_taxon_212",0,0,0,0,0,0,0,0,0,0,0,0,0,0,0,0,0,0,0,0
"Murimonas_intestini",0,0,0,0,0,0,0,0,0,0,0,0,0,0,0,0,0,0,0,0
"Streptococcus_massiliensis",0,0,0,0,0,0,0,0,0,0,0,0,0,0,0,0,0,0,0,0
"Streptococcus_sp_HMSC070B10",0,0,0,0,0,0,0,0,0,0,0,0,0,0,0,0,0,0,0,0
"Leptotrichia_hofstadii",0,0,0,0,0,0,0,0,0,0,0,0,0,0,0,0,0,0,0,0
"Lactobacillus_kalixensis",0,0,0,0,0,0,0,0,0,0,0,0,0,0,0,0,0,0,0,0
"Lactobacillus_kefiri",0,0,0,0,0,0,0,0,0,0,0,0,0,0,0,0,0,0,0,0
"Carnobacterium_divergens",0,0,0,0,0,0,0,0,0,0,0,0,0,0,0,0,0,0,0,0
"Eubacterium_nodatum",0,0,0,0,0,0,0,0,0,0,0,0,0,0,0,0,0,0,0,0
"Pediococcus_sp",0,0,0,0,0,0,0,0,0,0,0,0,0,0,0,0,0,0,0,0
"Pediococcus_parvulus",0,0,0,0,0,0,0,0,0,0,0,0,0,0,0,0,0,0,0,0
"Lactobacillus_buchneri",0,0,0,0,0,0,0,0,0,0,0,0,0,0,0,0,0,0,0,0
"Actinomyces_radicidentis",0,0,0,0,0,0,0,0,0,0,0,0,0,0,0,0,0,0,0,0
"Raoultella_ornithinolytica",0,0,0,0,0,0,0,0,0,0,0,0,0,0,0,0,0,0,0,0
"Chlamydia_ibidis",0,0,0,0,0,0,0,0,0,0,0,0,0,0,0,0,0,0,0,0
"Treponema_porcinum",0,0,0,0,0,0,0,0,0,0,0,0,0,0,0,0,0,0,0,0
"Prevotella_sp_P3_122",0,0,0,0,0,0,0,0,0,0,0,0,0,0,0,0,0,0,0,0
"Lactobacillus_versmoldensis",0,0,0,0,0,0,0,0,0,0,0,0,0,0,0,0,0,0,0,0
"Staphylococcus_warneri",0,0,0,0,0,0,0,0,0,0,0,0,0,0,0,0,0,0,0,0
"Actinomyces_meyeri",0,0,0,0,0,0,0,0,0,0,0,0,0,0,0,0,0,0,0,0
"Marvinbryantia_formatexigens",0,0,0,0,0,0,0,0,0,0,0,0,0,0,0,0,0,0,0,0
"Kluyvera_intestini",0,0,0,0,0,0,0,0,0,0,0,0,0,0,0,0,0,0,0,0
"Corynebacterium_variabile",0,0,0,0,0,0,0,0,0,0,0,0,0,0,0,0,0,0,0,0
"Kosakonia_sp_S29",0,0,0,0,0,0,0,0,0,0,0,0,0,0,0,0,0,0,0,0
"Veillonella_denticariosi",0,0,0,0,0,0,0,0,0,0,0,0,0,0,0,0,0,0,0,0
"Desulfovibrio_vulgaris",0,0,0,0,0,0,0,0,0,0,0,0,0,0,0,0,0,0,0,0
"Selenomonas_noxia",0,0,0,0,0,0,0,0,0,0,0,0,0,0,0,0,0,0,0,0
"Eggerthia_catenaformis",0,0,0,0,0,0,0,0,0,0,0,0,0,0,0,0,0,0,0,0
"Kingella_oralis",0,0,0,0,0,0,0,0,0,0,0,0,0,0,0,0,0,0,0,0
"Citrobacter_pasteurii",0,0,0,0,0,0,0,0,0,0,0,0,0,0,0,0,0,0,0,0
"Fusobacterium_ulcerans",0,0,0,0,0,0,0,0,0,0,0,0,0,0,0,0,0,0,0,0
"Staphylococcus_xylosus",0,0,0,0,0,0,0,0,0,0,0,0,0,0,0,0,0,0,0,0
"Lachnoclostridium_sp_An169",0,0,0,0,0,0,0,0,0,0,0,0,0,0,0,0,0,0,0,0
"Campylobacter_concisus",0,0,0,0,0,0,0,0,0,0,0,0,0,0,0,0,0,0,0,0
"Brevibacterium_aurantiacum",0,0,0,0,0,0,0,0,0,0,0,0,0,0,0,0,0,0,0,0
"Brevibacterium_linens",0,0,0,0,0,0,0,0,0,0,0,0,0,0,0,0,0,0,0,0
"Lactobacillus_apis",0,0,0,0,0,0,0,0,0,0,0,0,0,0,0,0,0,0,0,0
"Anaerostipes_sp_494a",0,0,0,0,0,0,0,0,0,0,0,0,0,0,0,0,0,0,0,0
"Lactobacillus_kullabergensis",0,0,0,0,0,0,0,0,0,0,0,0,0,0,0,0,0,0,0,0
"Lactobacillus_kimbladii",0,0,0,0,0,0,0,0,0,0,0,0,0,0,0,0,0,0,0,0
"Parabacteroides_gordonii",0,0,0,0,0,0,0,0,0,0,0,0,0,0,0,0,0,0,0,0
"Escherichia_fergusonii",0,0,0,0,0,0,0,0,0,0,0,0,0,0,0,0,0,0,0,0
"Lactobacillus_panis",0,0,0,0,0,0,0,0,0,0,0,0,0,0,0,0,0,0,0,0
"Citrobacter_amalonaticus",0,0,0,0,0,0,0,0,0,0,0,0,0,0,0,0,0,0,0,0
"Aeromonas_media",0,0,0,0,0,0,0,0,0,0,0,0,0,0,0,0,0,0,0,0
"Proteus_mirabilis",0,0,0,0,0,0,0,0,0,0,0,0,0,0,0,0,0,0,0,0
"Kluyvera_georgiana",0,0,0,0,0,0,0,0,0,0,0,0,0,0,0,0,0,0,0,0
"Enterobacter_bugandensis",0,0,0,0,0,0,0,0,0,0,0,0,0,0,0,0,0,0,0,0
"Bacteroides_caecimuris",0,0,0,0,0,0,0,0,0,0,0,0,0,0,0,0,0,0,0,0
"Leclercia_adecarboxylata",0,0,0,0,0,0,0,0,0,0,0,0,0,0,0,0,0,0,0,0
"Kosakonia_pseudosacchari",0,0,0,0,0,0,0,0,0,0,0,0,0,0,0,0,0,0,0,0
"Lactobacillus_agilis",0,0,0,0,0,0,0,0,0,0,0,0,0,0,0,0,0,0,0,0
"Citrobacter_farmeri",0,0,0,0,0,0,0,0,0,0,0,0,0,0,0,0,0,0,0,0
"Providencia_rettgeri",0,0,0,0,0,0,0,0,0,0,0,0,0,0,0,0,0,0,0,0
"Porphyromonas_endodontalis",0,0,0,0,0,0,0,0,0,0,0,0,0,0,0,0,0,0,0,0
"Desulfovibrio_legallii",0,0,0,0,0,0,0,0,0,0,0,0,0,0,0,0,0,0,0,0
"Pluralibacter_gergoviae",0,0,0,0,0,0,0,0,0,0,0,0,0,0,0,0,0,0,0,0
"Prevotella_sp_oral_taxon_473",0,0,0,0,0,0,0,0,0,0,0,0,0,0,0,0,0,0,0,0
"Streptococcus_salivarius_CAG_79",0,0,0,0,0,0,0,0,0,0,0,0,0,0,0,0,0,0,0,0
"Candidatus_Gastranaerophilales_bacterium_HUM_9",0,0,0,0,0,0,0,0,0,0,0,0,0,0,0,0,0,0,0,0
"Lactobacillus_acidipiscis",0,0,0,0,0,0,0,0,0,0,0,0,0,0,0,0,0,0,0,0
"Eubacterium_sp_CAG_786",0,0,0,0,0,0,0,0,0,0,0,0,0,0,0,0,0,0,0,0
"Pantoea_dispersa",0,0,0,0,0,0,0,0,0,0,0,0,0,0,0,0,0,0,0,0
"Prevotella_sp_F0091",0,0,0,0,0,0,0,0,0,0,0,0,0,0,0,0,0,0,0,0
"Prevotella_sp_oral_taxon_376",0,0,0,0,0,0,0,0,0,0,0,0,0,0,0,0,0,0,0,0
"Pseudoramibacter_alactolyticus",0,0,0,0,0,0,0,0,0,0,0,0,0,0,0,0,0,0,0,0
"Lactobacillus_helsingborgensis",0,0,0,0,0,0,0,0,0,0,0,0,0,0,0,0,0,0,0,0
"Leuconostoc_gelidum",0,0,0,0,0,0,0,0,0,0,0,0,0,0,0,0,0,0,0,0
"Lactococcus_piscium",0,0,0,0,0,0,0,0,0,0,0,0,0,0,0,0,0,0,0,0
"Candidatus_Stoquefichus_sp_KLE1796",0,0,0,0,0,0,0,0,0,0,0,0,0,0,0,0,0,0,0,0
"Clostridium_hiranonis",0,0,0,0,0,0,0,0,0,0,0,0,0,0,0,0,0,0,0,0
"Leuconostoc_citreum",0,0,0,0,0,0,0,0,0,0,0,0,0,0,0,0,0,0,0,0
"Gemmiger_sp_An50",0,0,0,0,0,0,0,0,0,0,0,0,0,0,0,0,0,0,0,0
"Gemmiger_sp_An87",0,0,0,0,0,0,0,0,0,0,0,0,0,0,0,0,0,0,0,0
"Salmonella_enterica",0,0,0,0,0,0,0,0,0,0,0,0,0,0,0,0,0,0,0,0
"Paeniclostridium_sordellii",0,0,0,0,0,0,0,0,0,0,0,0,0,0,0,0,0,0,0,0
"Kosakonia_cowanii",0,0,0,0,0,0,0,0,0,0,0,0,0,0,0,0,0,0,0,0
"Trueperella_bernardiae",0,0,0,0,0,0,0,0,0,0,0,0,0,0,0,0,0,0,0,0
"Anaerococcus_lactolyticus",0,0,0,0,0,0,0,0,0,0,0,0,0,0,0,0,0,0,0,0
"Campylobacter_showae",0,0,0,0,0,0,0,0,0,0,0,0,0,0,0,0,0,0,0,0
"Actinotignum_timonense",0,0,0,0,0,0,0,0,0,0,0,0,0,0,0,0,0,0,0,0
"Peptoniphilus_coxii",0,0,0,0,0,0,0,0,0,0,0,0,0,0,0,0,0,0,0,0
"Sporanaerobacter_sp_PP17_6a",0,0,0,0,0,0,0,0,0,0,0,0,0,0,0,0,0,0,0,0
"Lactobacillus_fuchuensis",0,0,0,0,0,0,0,0,0,0,0,0,0,0,0,0,0,0,0,0
"Actinotignum_schaalii",0,0,0,0,0,0,0,0,0,0,0,0,0,0,0,0,0,0,0,0
"Veillonellaceae_bacterium_DNF00626",0,0,0,0,0,0,0,0,0,0,0,0,0,0,0,0,0,0,0,0
"Mageeibacillus_indolicus",0,0,0,0,0,0,0,0,0,0,0,0,0,0,0,0,0,0,0,0
"Weissella_koreensis",0,0,0,0,0,0,0,0,0,0,0,0,0,0,0,0,0,0,0,0
"Lactobacillus_paraplantarum",0,0,0,0,0,0,0,0,0,0,0,0,0,0,0,0,0,0,0,0
"Pantoea_agglomerans",0,0,0,0,0,0,0,0,0,0,0,0,0,0,0,0,0,0,0,0
"Pantoea_vagans",0,0,0,0,0,0,0,0,0,0,0,0,0,0,0,0,0,0,0,0
"Dysgonomonas_mossii",0,0,0,0,0,0,0,0,0,0,0,0,0,0,0,0,0,0,0,0
"Clostridium_cadaveris",0,0,0,0,0,0,0,0,0,0,0,0,0,0,0,0,0,0,0,0
"Anaerosporobacter_mobilis",0,0,0,0,0,0,0,0,0,0,0,0,0,0,0,0,0,0,0,0
"Robinsoniella_sp_RHS",0,0,0,0,0,0,0,0,0,0,0,0,0,0,0,0,0,0,0,0
"Atopobium_vaginae",0,0,0,0,0,0,0,0,0,0,0,0,0,0,0,0,0,0,0,0
"Cellulosilyticum_lentocellum",0,0,0,0,0,0,0,0,0,0,0,0,0,0,0,0,0,0,0,0
"Clostridium_sp_CAG_678",0,0,0,0,0,0,0,0,0,0,0,0,0,0,0,0,0,0,0,0
"Lactobacillus_algidus",0,0,0,0,0,0,0,0,0,0,0,0,0,0,0,0,0,0,0,0
"Bacteroides_oleiciplenus",0,0,0,0,0,0,0,0,0,0,0,0,0,0,0,0,0,0,0,0
"Roseburia_sp_831b",0,0,0,0,0,0,0,0,0,0,0,0,0,0,0,0,0,0,0,0
"Escherichia_sp_ESNIH1",0,0,0,0,0,0,0,0,0,0,0,0,0,0,0,0,0,0,0,0
"Serratia_marcescens",0,0,0,0,0,0,0,0,0,0,0,0,0,0,0,0,0,0,0,0
"Pseudomonas_helleri",0,0,0,0,0,0,0,0,0,0,0,0,0,0,0,0,0,0,0,0
"Prevotella_sp_oral_taxon_299",0,0,0,0,0,0,0,0,0,0,0,0,0,0,0,0,0,0,0,0
"Neisseria_bacilliformis",0,0,0,0,0,0,0,0,0,0,0,0,0,0,0,0,0,0,0,0
"Serratia_fonticola",0,0,0,0,0,0,0,0,0,0,0,0,0,0,0,0,0,0,0,0
"Kluyvera_ascorbata",0,0,0,0,0,0,0,0,0,0,0,0,0,0,0,0,0,0,0,0
"Serratia_liquefaciens",0,0,0,0,0,0,0,0,0,0,0,0,0,0,0,0,0,0,0,0
"Enterobacter_soli",0,0,0,0,0,0,0,0,0,0,0,0,0,0,0,0,0,0,0,0
"Paenibacillus_macerans",0,0,0,0,0,0,0,0,0,0,0,0,0,0,0,0,0,0,0,0
"Ralstonia_pickettii",0,0,0,0,0,0,0,0,0,0,0,0,0,0,0,0,0,0,0,0
"Streptococcus_sp_SK643",0,0,0,0,0,0,0,0,0,0,0,0,0,0,0,0,0,0,0,0
"Coprobacter_sp",0,0,0,0,0,0,0,0,0,0,0,0,0,0,0,0,0,0,0,0
"Pseudomonas_fragi",0,0,0,0,0,0,0,0,0,0,0,0,0,0,0,0,0,0,0,0
"Atlantibacter_hermannii",0,0,0,0,0,0,0,0,0,0,0,0,0,0,0,0,0,0,0,0
"Enterococcus_sp_3H8_DIV0648",0,0,0,0,0,0,0,0,0,0,0,0,0,0,0,0,0,0,0,0
"Enterococcus_gilvus",0,0,0,0,0,0,0,0,0,0,0,0,0,0,0,0,0,0,0,0
"Prevotella_veroralis",0,0,0,0,0,0,0,0,0,0,0,0,0,0,0,0,0,0,0,0
"Shuttleworthia_satelles",0,0,0,0,0,0,0,0,0,0,0,0,0,0,0,0,0,0,0,0
"Prevotella_sp_oral_taxon_306",0,0,0,0,0,0,0,0,0,0,0,0,0,0,0,0,0,0,0,0
"Proteus_hauseri",0,0,0,0,0,0,0,0,0,0,0,0,0,0,0,0,0,0,0,0
"Alloprevotella_rava",0,0,0,0,0,0,0,0,0,0,0,0,0,0,0,0,0,0,0,0
"Serratia_ureilytica",0,0,0,0,0,0,0,0,0,0,0,0,0,0,0,0,0,0,0,0
"Aggregatibacter_aphrophilus",0,0,0,0,0,0,0,0,0,0,0,0,0,0,0,0,0,0,0,0
"Oribacterium_asaccharolyticum",0,0,0,0,0,0,0,0,0,0,0,0,0,0,0,0,0,0,0,0
"Clostridium_baratii",0,0,0,0,0,0,0,0,0,0,0,0,0,0,0,0,0,0,0,0
"Neisseria_sp_oral_taxon_014",0,0,0,0,0,0,0,0,0,0,0,0,0,0,0,0,0,0,0,0
"Selenomonas_sp_oral_taxon_138",0,0,0,0,0,0,0,0,0,0,0,0,0,0,0,0,0,0,0,0
"Paenibacillus_lactis",0,0,0,0,0,0,0,0,0,0,0,0,0,0,0,0,0,0,0,0
"Lautropia_mirabilis",0,0,0,0,0,0,0,0,0,0,0,0,0,0,0,0,0,0,0,0
"Tannerella_sp_oral_taxon_HOT_286",0,0,0,0,0,0,0,0,0,0,0,0,0,0,0,0,0,0,0,0
"Providencia_alcalifaciens",0,0,0,0,0,0,0,0,0,0,0,0,0,0,0,0,0,0,0,0
"Haemophilus_paraphrohaemolyticus",0,0,0,0,0,0,0,0,0,0,0,0,0,0,0,0,0,0,0,0
"Parvimonas_sp_oral_taxon_110",0,0,0,0,0,0,0,0,0,0,0,0,0,0,0,0,0,0,0,0
"Barnesiella_sp_An22",0,0,0,0,0,0,0,0,0,0,0,0,0,0,0,0,0,0,0,0
"Bacteroides_sp_OM08_11",0,0,0,0,0,0,0,0,0,0,0,0,0,0,0,0,0,0,0,0
"Dorea_sp_D27",0,0,0,0,0,0,0,0,0,0,0,0,0,0,0,0,0,0,0,0
"Lachnoclostridium_sp_An181",0,0,0,0,0,0,0,0,0,0,0,0,0,0,0,0,0,0,0,0
"Pseudoflavonifractor_sp_An85",0,0,0,0,0,0,0,0,0,0,0,0,0,0,0,0,0,0,0,0
"Acinetobacter_lwoffii",0,0,0,0,0,0,0,0,0,0,0,0,0,0,0,0,0,0,0,0
"Micrococcus_lylae",0,0,0,0,0,0,0,0,0,0,0,0,0,0,0,0,0,0,0,0
"Pararheinheimera_mesophila",0,0,0,0,0,0,0,0,0,0,0,0,0,0,0,0,0,0,0,0
"Porphyromonas_somerae",0,0,0,0,0,0,0,0,0,0,0,0,0,0,0,0,0,0,0,0
"Bacteroides_stercorirosoris",0,0,0,0,0,0,0,0,0,0,0,0,0,0,0,0,0,0,0,0
"Moraxella_osloensis",0,0,0,0,0,0,0,0,0,0,0,0,0,0,0,0,0,0,0,0
"Enhydrobacter_aerosaccus",0,0,0,0,0,0,0,0,0,0,0,0,0,0,0,0,0,0,0,0
"Micrococcus_aloeverae",0,0,0,0,0,0,0,0,0,0,0,0,0,0,0,0,0,0,0,0
"Veillonella_seminalis",0,0,0,0,0,0,0,0,0,0,0,0,0,0,0,0,0,0,0,0
"Arthrospira_platensis",0,0,0,0,0,0,0,0,0,0,0,0,0,0,0,0,0,0,0,0
"Candidatus_Methanomassiliicoccus_intestinalis",0,0,0,0,0,0,0,0,0,0,0,0,0,0,0,0,0,0,0,0
"Prevotella_dentalis",0,0,0,0,0,0,0,0,0,0,0,0,0,0,0,0,0,0,0,0
"Aeromonas_hydrophila",0,0,0,0,0,0,0,0,0,0,0,0,0,0,0,0,0,0,0,0
"Aeromonas_dhakensis",0,0,0,0,0,0,0,0,0,0,0,0,0,0,0,0,0,0,0,0
"Actinomyces_urogenitalis",0,0,0,0,0,0,0,0,0,0,0,0,0,0,0,0,0,0,0,0
"Enterococcus_thailandicus",0,0,0,0,0,0,0,0,0,0,0,0,0,0,0,0,0,0,0,0
"Lactobacillus_vaccinostercus",0,0,0,0,0,0,0,0,0,0,0,0,0,0,0,0,0,0,0,0
"Klebsiella_variicola_CAG_634",0,0,0,0,0,0,0,0,0,0,0,0,0,0,0,0,0,0,0,0
"Prevotella_amnii",0,0,0,0,0,0,0,0,0,0,0,0,0,0,0,0,0,0,0,0
"Cronobacter_malonaticus",0,0,0,0,0,0,0,0,0,0,0,0,0,0,0,0,0,0,0,0
"Pseudomonas_guguanensis",0,0,0,0,0,0,0,0,0,0,0,0,0,0,0,0,0,0,0,0
"Lactobacillus_jensenii",0,0,0,0,0,0,0,0,0,0,0,0,0,0,0,0,0,0,0,0
"Aggregatibacter_sp_oral_taxon_458",0,0,0,0,0,0,0,0,0,0,0,0,0,0,0,0,0,0,0,0
"Anaerocolumna_aminovalerica",0,0,0,0,0,0,0,0,0,0,0,0,0,0,0,0,0,0,0,0
"Clostridium_sporogenes",0,0,0,0,0,0,0,0,0,0,0,0,0,0,0,0,0,0,0,0
"Clostridium_botulinum",0,0,0,0,0,0,0,0,0,0,0,0,0,0,0,0,0,0,0,0
"Bacteroidales_bacterium_KA00251",0,0,0,0,0,0,0,0,0,0,0,0,0,0,0,0,0,0,0,0
"Clostridium_celerecrescens",0,0,0,0,0,0,0,0,0,0,0,0,0,0,0,0,0,0,0,0
"Dysgonomonas_gadei",0,0,0,0,0,0,0,0,0,0,0,0,0,0,0,0,0,0,0,0
"Frigoribacterium_sp_Leaf8",0,0,0,0,0,0,0,0,0,0,0,0,0,0,0,0,0,0,0,0
"Clostridium_sp_MSTE9",0,0,0,0,0,0,0,0,0,0,0,0,0,0,0,0,0,0,0,0
"Treponema_lecithinolyticum",0,0,0,0,0,0,0,0,0,0,0,0,0,0,0,0,0,0,0,0
"Flavonifractor_sp_An306",0,0,0,0,0,0,0,0,0,0,0,0,0,0,0,0,0,0,0,0
"Prevotella_oralis",0,0,0,0,0,0,0,0,0,0,0,0,0,0,0,0,0,0,0,0
"Proteus_penneri",0,0,0,0,0,0,0,0,0,0,0,0,0,0,0,0,0,0,0,0
"Wohlfahrtiimonas_chitiniclastica",0,0,0,0,0,0,0,0,0,0,0,0,0,0,0,0,0,0,0,0
"Kluyvera_cryocrescens",0,0,0,0,0,0,0,0,0,0,0,0,0,0,0,0,0,0,0,0
"Bacteroides_sp_CAG_661",0,0,0,0,0,0,0,0,0,0,0,0,0,0,0,0,0,0,0,0
"Prevotella_oulorum",0,0,0,0,0,0,0,0,0,0,0,0,0,0,0,0,0,0,0,0
"Neisseria_cinerea",0,0,0,0,0,0,0,0,0,0,0,0,0,0,0,0,0,0,0,0
"Corynebacterium_oculi",0,0,0,0,0,0,0,0,0,0,0,0,0,0,0,0,0,0,0,0
"Kosakonia_sacchari",0,0,0,0,0,0,0,0,0,0,0,0,0,0,0,0,0,0,0,0
"Dysgonomonas_sp_37_18",0,0,0,0,0,0,0,0,0,0,0,0,0,0,0,0,0,0,0,0
"Obesumbacterium_proteus",0,0,0,0,0,0,0,0,0,0,0,0,0,0,0,0,0,0,0,0
"Bacteroides_sartorii",0,0,0,0,0,0,0,0,0,0,0,0,0,0,0,0,0,0,0,0
"Aerococcus_urinaeequi",0,0,0,0,0,0,0,0,0,0,0,0,0,0,0,0,0,0,0,0
"Thermoleophilum_album",0,0,0,0,0,0,0,0,0,0,0,0,0,0,0,0,0,0,0,0
"Bacteroidetes_oral_taxon_274",0,0,0,0,0,0,0,0,0,0,0,0,0,0,0,0,0,0,0,0
"Citrobacter_europaeus",0,0,0,0,0,0,0,0,0,0,0,0,0,0,0,0,0,0,0,0
"Bifidobacterium_asteroides",0,0,0,0,0,0,0,0,0,0,0,0,0,0,0,0,0,0,0,0
"Yersinia_frederiksenii",0,0,0,0,0,0,0,0,0,0,0,0,0,0,0,0,0,0,0,0
"Enterococcus_asini",0,0,0,0,0,0,0,0,0,0,0,0,0,0,0,0,0,0,0,0
"Bavariicoccus_seileri",0,0,0,0,0,0,0,0,0,0,0,0,0,0,0,0,0,0,0,0
"Enterococcus_mundtii",0,0,0,0,0,0,0,0,0,0,0,0,0,0,0,0,0,0,0,0
"Anaerostipes_sp_992a",0,0,0,0,0,0,0,0,0,0,0,0,0,0,0,0,0,0,0,0
"Lachnoclostridium_sp_An298",0,0,0,0,0,0,0,0,0,0,0,0,0,0,0,0,0,0,0,0
"Corynebacterium_callunae",0,0,0,0,0,0,0,0,0,0,0,0,0,0,0,0,0,0,0,0
"Methanobrevibacter_arboriphilus",0,0,0,0,0,0,0,0,0,0,0,0,0,0,0,0,0,0,0,0
"Brachybacterium_alimentarium",0,0,0,0,0,0,0,0,0,0,0,0,0,0,0,0,0,0,0,0
"Bacteroides_heparinolyticus",0,0,0,0,0,0,0,0,0,0,0,0,0,0,0,0,0,0,0,0
"Bacteroides_sp_OM05_12",0,0,0,0,0,0,0,0,0,0,0,0,0,0,0,0,0,0,0,0
"Methanobacterium_formicicum",0,0,0,0,0,0,0,0,0,0,0,0,0,0,0,0,0,0,0,0
"Succinatimonas_hippei",0,0,0,0,0,0,0,0,0,0,0,0,0,0,0,0,0,0,0,0
"Actinobaculum_massiliense",0,0,0,0,0,0,0,0,0,0,0,0,0,0,0,0,0,0,0,0
"Lactobacillus_pentosus",0,0,0,0,0,0,0,0,0,0,0,0,0,0,0,0,0,0,0,0
"Aspergillus_cristatus",0,0,0,0,0,0,0,0,0,0,0,0,0,0,0,0,0,0,0,0
"Bifidobacterium_choerinum",0,0,0,0,0,0,0,0,0,0,0,0,0,0,0,0,0,0,0,0
"Selenomonas_artemidis",0,0,0,0,0,0,0,0,0,0,0,0,0,0,0,0,0,0,0,0
"Lactobacillus_harbinensis",0,0,0,0,0,0,0,0,0,0,0,0,0,0,0,0,0,0,0,0
"Kosakonia_oryzendophytica",0,0,0,0,0,0,0,0,0,0,0,0,0,0,0,0,0,0,0,0
"Bacteroidetes_bacterium_oral_taxon_272",0,0,0,0,0,0,0,0,0,0,0,0,0,0,0,0,0,0,0,0
"Eikenella_sp_NML130454",0,0,0,0,0,0,0,0,0,0,0,0,0,0,0,0,0,0,0,0
"Bacillus_clausii",0,0,0,0,0,0,0,0,0,0,0,0,0,0,0,0,0,0,0,0
"Bacillus_rhizosphaerae",0,0,0,0,0,0,0,0,0,0,0,0,0,0,0,0,0,0,0,0
"Enterococcus_malodoratus",0,0,0,0,0,0,0,0,0,0,0,0,0,0,0,0,0,0,0,0
"Prevotella_multiformis",0,0,0,0,0,0,0,0,0,0,0,0,0,0,0,0,0,0,0,0
"Clostridium_cocleatum",0,0,0,0,0,0,0,0,0,0,0,0,0,0,0,0,0,0,0,0
"Paraclostridium_bifermentans",0,0,0,0,0,0,0,0,0,0,0,0,0,0,0,0,0,0,0,0
"Kocuria_kristinae",0,0,0,0,0,0,0,0,0,0,0,0,0,0,0,0,0,0,0,0
"Paenibacillus_aquistagni",0,0,0,0,0,0,0,0,0,0,0,0,0,0,0,0,0,0,0,0
"Microbacterium_hominis",0,0,0,0,0,0,0,0,0,0,0,0,0,0,0,0,0,0,0,0
"Corynebacterium_striatum",0,0,0,0,0,0,0,0,0,0,0,0,0,0,0,0,0,0,0,0
"Oligella_urethralis",0,0,0,0,0,0,0,0,0,0,0,0,0,0,0,0,0,0,0,0
"Prevotella_multisaccharivorax",0,0,0,0,0,0,0,0,0,0,0,0,0,0,0,0,0,0,0,0
"Pseudoglutamicibacter_albus",0,0,0,0,0,0,0,0,0,0,0,0,0,0,0,0,0,0,0,0
"Corynebacterium_riegelii",0,0,0,0,0,0,0,0,0,0,0,0,0,0,0,0,0,0,0,0
"Pseudoglutamicibacter_cumminsii",0,0,0,0,0,0,0,0,0,0,0,0,0,0,0,0,0,0,0,0
"Peptoniphilus_grossensis",0,0,0,0,0,0,0,0,0,0,0,0,0,0,0,0,0,0,0,0
"Brevibacterium_ravenspurgense",0,0,0,0,0,0,0,0,0,0,0,0,0,0,0,0,0,0,0,0
"Corynebacterium_freneyi",0,0,0,0,0,0,0,0,0,0,0,0,0,0,0,0,0,0,0,0
"Facklamia_ignava",0,0,0,0,0,0,0,0,0,0,0,0,0,0,0,0,0,0,0,0
"Corynebacterium_urealyticum",0,0,0,0,0,0,0,0,0,0,0,0,0,0,0,0,0,0,0,0
"Ochrobactrum_anthropi",0,0,0,0,0,0,0,0,0,0,0,0,0,0,0,0,0,0,0,0
"Methanobrevibacter_oralis",0,0,0,0,0,0,0,0,0,0,0,0,0,0,0,0,0,0,0,0
"Corynebacterium_flavescens",0,0,0,0,0,0,0,0,0,0,0,0,0,0,0,0,0,0,0,0
"Butyricicoccus_porcorum",0,0,0,0,0,0,0,0,0,0,0,0,0,0,0,0,0,0,0,0
"Lactobacillus_sucicola",0,0,0,0,0,0,0,0,0,0,0,0,0,0,0,0,0,0,0,0
"Candida_tropicalis",0,0,0,0,0,0,0,0,0,0,0,0,0,0,0,0,0,0,0,0
"Corynebacterium_imitans",0,0,0,0,0,0,0,0,0,0,0,0,0,0,0,0,0,0,0,0
"Streptococcus_sp_HMSC067H01",0,0,0,0,0,0,0,0,0,0,0,0,0,0,0,0,0,0,0,0
"Lactobacillus_gallinarum",0,0,0,0,0,0,0,0,0,0,0,0,0,0,0,0,0,0,0,0
"Eubacterium_yurii",0,0,0,0,0,0,0,0,0,0,0,0,0,0,0,0,0,0,0,0
"Lactobacillus_dextrinicus",0,0,0,0,0,0,0,0,0,0,0,0,0,0,0,0,0,0,0,0
"Bacillus_thermoamylovorans",0,0,0,0,0,0,0,0,0,0,0,0,0,0,0,0,0,0,0,0
"Listeria_innocua",0,0,0,0,0,0,0,0,0,0,0,0,0,0,0,0,0,0,0,0
"Actinomyces_neuii",0,0,0,0,0,0,0,0,0,0,0,0,0,0,0,0,0,0,0,0
"Tyzzerella_sp_An114",0,0,0,0,0,0,0,0,0,0,0,0,0,0,0,0,0,0,0,0
"Leptotrichia_sp_oral_taxon_879",0,0,0,0,0,0,0,0,0,0,0,0,0,0,0,0,0,0,0,0
"Leptotrichia_sp_oral_taxon_225",0,0,0,0,0,0,0,0,0,0,0,0,0,0,0,0,0,0,0,0
"Bacillus_coagulans",0,0,0,0,0,0,0,0,0,0,0,0,0,0,0,0,0,0,0,0
"Serratia_rubidaea",0,0,0,0,0,0,0,0,0,0,0,0,0,0,0,0,0,0,0,0
"Lactobacillus_coryniformis",0,0,0,0,0,0,0,0,0,0,0,0,0,0,0,0,0,0,0,0
"Weissella_paramesenteroides",0,0,0,0,0,0,0,0,0,0,0,0,0,0,0,0,0,0,0,0
"Lactobacillus_parafarraginis",0,0,0,0,0,0,0,0,0,0,0,0,0,0,0,0,0,0,0,0
"Pseudescherichia_vulneris",0,0,0,0,0,0,0,0,0,0,0,0,0,0,0,0,0,0,0,0
"Gordonia_jacobaea",0,0,0,0,0,0,0,0,0,0,0,0,0,0,0,0,0,0,0,0
"Agrobacterium_tumefaciens",0,0,0,0,0,0,0,0,0,0,0,0,0,0,0,0,0,0,0,0
"Sphingomonas_sp_67_41",0,0,0,0,0,0,0,0,0,0,0,0,0,0,0,0,0,0,0,0
"Propionibacterium_namnetense",0,0,0,0,0,0,0,0,0,0,0,0,0,0,0,0,0,0,0,0
"Malassezia_restricta",0,0,0,0,0,0,0,0,0,0,0,0,0,0,0,0,0,0,0,0
"Kosakonia_oryzae",0,0,0,0,0,0,0,0,0,0,0,0,0,0,0,0,0,0,0,0
"Prevotella_sp_CAG_1058",0,0,0,0,0,0,0,0,0,0,0,0,0,0,0,0,0,0,0,0
"Jonquetella_anthropi",0,0,0,0,0,0,0,0,0,0,0,0,0,0,0,0,0,0,0,0
"Centipeda_periodontii",0,0,0,0,0,0,0,0,0,0,0,0,0,0,0,0,0,0,0,0
"Streptococcus_sinensis",0,0,0,0,0,0,0,0,0,0,0,0,0,0,0,0,0,0,0,0
"Parabacteroides_sp_426_9",0,0,0,0,0,0,0,0,0,0,0,0,0,0,0,0,0,0,0,0
"Megamonas_rupellensis",0,0,0,0,0,0,0,0,0,0,0,0,0,0,0,0,0,0,0,0
"Methanobrevibacter_woesei",0,0,0,0,0,0,0,0,0,0,0,0,0,0,0,0,0,0,0,0
"Megasphaera_stantonii",0,0,0,0,0,0,0,0,0,0,0,0,0,0,0,0,0,0,0,0
"Haemophilus_quentini",0,0,0,0,0,0,0,0,0,0,0,0,0,0,0,0,0,0,0,0
"Methanosphaera_sp_SHI1033",0,0,0,0,0,0,0,0,0,0,0,0,0,0,0,0,0,0,0,0
"Prevotella_sp_CAG_1124",0,0,0,0,0,0,0,0,0,0,0,0,0,0,0,0,0,0,0,0
"Streptococcus_sp_oral_taxon_056",0,0,0,0,0,0,0,0,0,0,0,0,0,0,0,0,0,0,0,0
"Gemmiger_sp_An194",0,0,0,0,0,0,0,0,0,0,0,0,0,0,0,0,0,0,0,0
"Tropheryma_whipplei",0,0,0,0,0,0,0,0,0,0,0,0,0,0,0,0,0,0,0,0
"Helicobacter_pullorum",0,0,0,0,0,0,0,0,0,0,0,0,0,0,0,0,0,0,0,0
"Streptococcus_sp_oral_taxon_058",0,0,0,0,0,0,0,0,0,0,0,0,0,0,0,0,0,0,0,0
"Gemmiger_sp_An120",0,0,0,0,0,0,0,0,0,0,0,0,0,0,0,0,0,0,0,0
"Macrococcus_caseolyticus",0,0,0,0,0,0,0,0,0,0,0,0,0,0,0,0,0,0,0,0
"Citrobacter_sp_50677481",0,0,0,0,0,0,0,0,0,0,0,0,0,0,0,0,0,0,0,0
"Neisseria_elongata",0,0,0,0,0,0,0,0,0,0,0,0,0,0,0,0,0,0,0,0
"Aeromonas_veronii",0,0,0,0,0,0,0,0,0,0,0,0,0,0,0,0,0,0,0,0
"Eubacterium_sp_68_3_10",0,0,0,0,0,0,0,0,0,0,0,0,0,0,0,0,0,0,0,0
"Lactobacillus_equicursoris",0,0,0,0,0,0,0,0,0,0,0,0,0,0,0,0,0,0,0,0
"Pseudomonas_putida_group",0,0,0,0,0,0,0,0,0,0,0,0,0,0,0,0,0,0,0,0
"Pseudocitrobacter_faecalis",0,0,0,0,0,0,0,0,0,0,0,0,0,0,0,0,0,0,0,0
"Clostridium_sp_SY8519",0,0,0,0,0,0,0,0,0,0,0,0,0,0,0,0,0,0,0,0
"Cronobacter_dublinensis",0,0,0,0,0,0,0,0,0,0,0,0,0,0,0,0,0,0,0,0
"Pediococcus_stilesii",0,0,0,0,0,0,0,0,0,0,0,0,0,0,0,0,0,0,0,0
"Lactobacillus_senioris",0,0,0,0,0,0,0,0,0,0,0,0,0,0,0,0,0,0,0,0
"Mitsuokella_sp_oral_taxon_131",0,0,0,0,0,0,0,0,0,0,0,0,0,0,0,0,0,0,0,0
"Eubacterium_maltosivorans",0,0,0,0,0,0,0,0,0,0,0,0,0,0,0,0,0,0,0,0
"Corynebacterium_vitaeruminis",0,0,0,0,0,0,0,0,0,0,0,0,0,0,0,0,0,0,0,0
"Anaerolineaceae_bacterium_oral_taxon_439",0,0,0,0,0,0,0,0,0,0,0,0,0,0,0,0,0,0,0,0
"Oribacterium_sp_oral_taxon_078",0,0,0,0,0,0,0,0,0,0,0,0,0,0,0,0,0,0,0,0
"Bifidobacterium_moukalabense",0,0,0,0,0,0,0,0,0,0,0,0,0,0,0,0,0,0,0,0
"Melissococcus_sp_OM08_11BH",0,0,0,0,0,0,0,0,0,0,0,0,0,0,0,0,0,0,0,0
"Terrisporobacter_glycolicus",0,0,0,0,0,0,0,0,0,0,0,0,0,0,0,0,0,0,0,0
"Enterococcus_sulfureus",0,0,0,0,0,0,0,0,0,0,0,0,0,0,0,0,0,0,0,0
"Bacillus_haynesii",0,0,0,0,0,0,0,0,0,0,0,0,0,0,0,0,0,0,0,0
"Lactobacillus_farciminis",0,0,0,0,0,0,0,0,0,0,0,0,0,0,0,0,0,0,0,0
"Parabacteroides_chinchillae",0,0,0,0,0,0,0,0,0,0,0,0,0,0,0,0,0,0,0,0
"Mycoplasma_bovis",0,0,0,0,0,0,0,0,0,0,0,0,0,0,0,0,0,0,0,0
"Megasphaera_cerevisiae",0,0,0,0,0,0,0,0,0,0,0,0,0,0,0,0,0,0,0,0
"Arcobacter_cryaerophilus",0,0,0,0,0,0,0,0,0,0,0,0,0,0,0,0,0,0,0,0
"Chryseobacterium_sp_VAUSW3",0,0,0,0,0,0,0,0,0,0,0,0,0,0,0,0,0,0,0,0
"Alkalibacterium_thalassium",0,0,0,0,0,0,0,0,0,0,0,0,0,0,0,0,0,0,0,0
"Methanosphaera_cuniculi",0,0,0,0,0,0,0,0,0,0,0,0,0,0,0,0,0,0,0,0
"Weissella_halotolerans",0,0,0,0,0,0,0,0,0,0,0,0,0,0,0,0,0,0,0,0
"Lactobacillus_murinus",0,0,0,0,0,0,0,0,0,0,0,0,0,0,0,0,0,0,0,0
"Enterobacter_sp_638",0,0,0,0,0,0,0,0,0,0,0,0,0,0,0,0,0,0,0,0
"Barnesiella_viscericola",0,0,0,0,0,0,0,0,0,0,0,0,0,0,0,0,0,0,0,0
"Bacteroides_salanitronis",0,0,0,0,0,0,0,0,0,0,0,0,0,0,0,0,0,0,0,0
"Bacillus_sp_FJAT_27916",0,0,0,0,0,0,0,0,0,0,0,0,0,0,0,0,0,0,0,0
"Lachnoclostridium_sp_An196",0,0,0,0,0,0,0,0,0,0,0,0,0,0,0,0,0,0,0,0
"Cloacibacillus_sp_An23",0,0,0,0,0,0,0,0,0,0,0,0,0,0,0,0,0,0,0,0
"Desulfovibrio_sp_MES5",0,0,0,0,0,0,0,0,0,0,0,0,0,0,0,0,0,0,0,0
"Alistipes_sp_CHKCI003",0,0,0,0,0,0,0,0,0,0,0,0,0,0,0,0,0,0,0,0
"Lactobacillus_alimentarius",0,0,0,0,0,0,0,0,0,0,0,0,0,0,0,0,0,0,0,0
"Corynebacterium_glutamicum",0,0,0,0,0,0,0,0,0,0,0,0,0,0,0,0,0,0,0,0
"Paracoccus_sanguinis",0,0,0,0,0,0,0,0,0,0,0,0,0,0,0,0,0,0,0,0
"Lactobacillus_coleohominis",0,0,0,0,0,0,0,0,0,0,0,0,0,0,0,0,0,0,0,0
"Enterobacter_sp_FS01",0,0,0,0,0,0,0,0,0,0,0,0,0,0,0,0,0,0,0,0
"Raoultella_terrigena",0,0,0,0,0,0,0,0,0,0,0,0,0,0,0,0,0,0,0,0
"Phascolarctobacterium_sp",0,0,0,0,0,0,0,0,0,0,0,0,0,0,0,0,0,0,0,0
"Bacteroides_sp_An322",0,0,0,0,0,0,0,0,0,0,0,0,0,0,0,0,0,0,0,0
"Serratia_ficaria",0,0,0,0,0,0,0,0,0,0,0,0,0,0,0,0,0,0,0,0
"Schwartzia_succinivorans",0,0,0,0,0,0,0,0,0,0,0,0,0,0,0,0,0,0,0,0
"Streptococcus_equinus",0,0,0,0,0,0,0,0,0,0,0,0,0,0,0,0,0,0,0,0
"Barnesiella_sp_An55",0,0,0,0,0,0,0,0,0,0,0,0,0,0,0,0,0,0,0,0
"Dickeya_chrysanthemi",0,0,0,0,0,0,0,0,0,0,0,0,0,0,0,0,0,0,0,0
"Dickeya_fangzhongdai",0,0,0,0,0,0,0,0,0,0,0,0,0,0,0,0,0,0,0,0
"Alistipes_sp_CAG_831",0,0,0,0,0,0,0,0,0,0,0,0,0,0,0,0,0,0,0,0
"Giardia_intestinalis",0,0,0,0,0,0,0,0,0,0,0,0,0,0,0,0,0,0,0,0
"Entamoeba_dispar",0,0,0,0,0,0,0,0,0,0,0,0,0,0,0,0,0,0,0,0
"Entamoeba_histolytica",0,0,0,0,0,0,0,0,0,0,0,0,0,0,0,0,0,0,0,0
"Pedobacter_himalayensis",0,0,0,0,0,0,0,0,0,0,0,0,0,0,0,0,0,0,0,0
"Lachnoclostridium_sp_An76",0,0,0,0,0,0,0,0,0,0,0,0,0,0,0,0,0,0,0,0
"Mucispirillum_schaedleri",0,0,0,0,0,0,0,0,0,0,0,0,0,0,0,0,0,0,0,0
"Candidatus_Methanomethylophilus_sp_1R26",0,0,0,0,0,0,0,0,0,0,0,0,0,0,0,0,0,0,0,0
"Eubacterium_pyruvativorans",0,0,0,0,0,0,0,0,0,0,0,0,0,0,0,0,0,0,0,0
"Staphylococcus_simulans",0,0,0,0,0,0,0,0,0,0,0,0,0,0,0,0,0,0,0,0
"Carnobacterium_maltaromaticum",0,0,0,0,0,0,0,0,0,0,0,0,0,0,0,0,0,0,0,0
"Fusobacterium_hwasookii",0,0,0,0,0,0,0,0,0,0,0,0,0,0,0,0,0,0,0,0
"Methanomassiliicoccales_archaeon_RumEn_M1",0,0,0,0,0,0,0,0,0,0,0,0,0,0,0,0,0,0,0,0
"Muribaculaceae_bacterium_DSM_103720",0,0,0,0,0,0,0,0,0,0,0,0,0,0,0,0,0,0,0,0
"Staphylococcus_vitulinus",0,0,0,0,0,0,0,0,0,0,0,0,0,0,0,0,0,0,0,0
"Providencia_rustigianii",0,0,0,0,0,0,0,0,0,0,0,0,0,0,0,0,0,0,0,0
"Veillonella_criceti",0,0,0,0,0,0,0,0,0,0,0,0,0,0,0,0,0,0,0,0
"Pantoea_anthophila",0,0,0,0,0,0,0,0,0,0,0,0,0,0,0,0,0,0,0,0
"Lactobacillus_nodensis",0,0,0,0,0,0,0,0,0,0,0,0,0,0,0,0,0,0,0,0
"Megasphaera_sp_BV3C16_1",0,0,0,0,0,0,0,0,0,0,0,0,0,0,0,0,0,0,0,0
"Flavonifractor_sp_An82",0,0,0,0,0,0,0,0,0,0,0,0,0,0,0,0,0,0,0,0
"Bacteroides_graminisolvens",0,0,0,0,0,0,0,0,0,0,0,0,0,0,0,0,0,0,0,0
"Acinetobacter_pittii",0,0,0,0,0,0,0,0,0,0,0,0,0,0,0,0,0,0,0,0
"Pseudomonas_versuta",0,0,0,0,0,0,0,0,0,0,0,0,0,0,0,0,0,0,0,0
"Selenomonas_sp_oral_taxon_920",0,0,0,0,0,0,0,0,0,0,0,0,0,0,0,0,0,0,0,0
"Criibacterium_bergeronii",0,0,0,0,0,0,0,0,0,0,0,0,0,0,0,0,0,0,0,0
"Tissierellia_bacterium_KA00581",0,0,0,0,0,0,0,0,0,0,0,0,0,0,0,0,0,0,0,0
"Acetatifactor_muris",0,0,0,0,0,0,0,0,0,0,0,0,0,0,0,0,0,0,0,0
"Clavibacter_michiganensis",0,0,0,0,0,0,0,0,0,0,0,0,0,0,0,0,0,0,0,0
"Cloacibacterium_normanense",0,0,0,0,0,0,0,0,0,0,0,0,0,0,0,0,0,0,0,0
"Acinetobacter_junii",0,0,0,0,0,0,0,0,0,0,0,0,0,0,0,0,0,0,0,0
"Acidovorax_caeni",0,0,0,0,0,0,0,0,0,0,0,0,0,0,0,0,0,0,0,0
"Staphylococcus_pasteuri",0,0,0,0,0,0,0,0,0,0,0,0,0,0,0,0,0,0,0,0
"Pseudomonas_lundensis",0,0,0,0,0,0,0,0,0,0,0,0,0,0,0,0,0,0,0,0
"Streptococcus_suis",0,0,0,0,0,0,0,0,0,0,0,0,0,0,0,0,0,0,0,0
"Hydrogenibacillus_schlegelii",0,0,0,0,0,0,0,0,0,0,0,0,0,0,0,0,0,0,0,0
"Limnochorda_pilosa",0,0,0,0,0,0,0,0,0,0,0,0,0,0,0,0,0,0,0,0
"Paludisphaera_borealis",0,0,0,0,0,0,0,0,0,0,0,0,0,0,0,0,0,0,0,0
"Kouleothrix_aurantiaca",0,0,0,0,0,0,0,0,0,0,0,0,0,0,0,0,0,0,0,0
"Franconibacter_helveticus",0,0,0,0,0,0,0,0,0,0,0,0,0,0,0,0,0,0,0,0
"Acholeplasma_oculi",0,0,0,0,0,0,0,0,0,0,0,0,0,0,0,0,0,0,0,0
"Peptoniphilus_asaccharolyticus",0,0,0,0,0,0,0,0,0,0,0,0,0,0,0,0,0,0,0,0
"Romboutsia_hominis",0,0,0,0,0,0,0,0,0,0,0,0,0,0,0,0,0,0,0,0
"Mediterranea_sp_An20",0,0,0,0,0,0,0,0,0,0,0,0,0,0,0,0,0,0,0,0
"Acinetobacter_idrijaensis",0,0,0,0,0,0,0,0,0,0,0,0,0,0,0,0,0,0,0,0
"Oenococcus_oeni",0,0,0,0,0,0,0,0,0,0,0,0,0,0,0,0,0,0,0,0
"Klebsiella_quasivariicola",0,0,0,0,0,0,0,0,0,0,0,0,0,0,0,0,0,0,0,0
"Phyllobacterium_myrsinacearum",0,0,0,0,0,0,0,0,0,0,0,0,0,0,0,0,0,0,0,0
"Vagococcus_lutrae",0,0,0,0,0,0,0,0,0,0,0,0,0,0,0,0,0,0,0,0
"Mycoplasma_hominis",0,0,0,0,0,0,0,0,0,0,0,0,0,0,0,0,0,0,0,0
"Citrobacter_gillenii",0,0,0,0,0,0,0,0,0,0,0,0,0,0,0,0,0,0,0,0
"Acinetobacter_parvus",0,0,0,0,0,0,0,0,0,0,0,0,0,0,0,0,0,0,0,0
"Pyrococcus_yayanosii",0,0,0,0,0,0,0,0,0,0,0,0,0,0,0,0,0,0,0,0
"Synergistes_jonesii",0,0,0,0,0,0,0,0,0,0,0,0,0,0,0,0,0,0,0,0
"Streptococcus_pyogenes",0,0,0,0,0,0,0,0,0,0,0,0,0,0,0,0,0,0,0,0
"Lactobacillus_pantheris",0,0,0,0,0,0,0,0,0,0,0,0,0,0,0,0,0,0,0,0
"Vibrio_kanaloae",0,0,0,0,0,0,0,0,0,0,0,0,0,0,0,0,0,0,0,0
"Lactobacillus_kitasatonis",0,0,0,0,0,0,0,0,0,0,0,0,0,0,0,0,0,0,0,0
"Vibrio_fluvialis",0,0,0,0,0,0,0,0,0,0,0,0,0,0,0,0,0,0,0,0
"Halomonas_boliviensis",0,0,0,0,0,0,0,0,0,0,0,0,0,0,0,0,0,0,0,0
"Xanthomonas_phaseoli",0,0,0,0,0,0,0,0,0,0,0,0,0,0,0,0,0,0,0,0
"Mycolicibacterium_obuense",0,0,0,0,0,0,0,0,0,0,0,0,0,0,0,0,0,0,0,0
"Sphingopyxis_granuli",0,0,0,0,0,0,0,0,0,0,0,0,0,0,0,0,0,0,0,0
"Bosea_vaviloviae",0,0,0,0,0,0,0,0,0,0,0,0,0,0,0,0,0,0,0,0
"Stenotrophomonas_rhizophila",0,0,0,0,0,0,0,0,0,0,0,0,0,0,0,0,0,0,0,0
"Kocuria_marina",0,0,0,0,0,0,0,0,0,0,0,0,0,0,0,0,0,0,0,0
"Microlunatus_phosphovorus",0,0,0,0,0,0,0,0,0,0,0,0,0,0,0,0,0,0,0,0
"Sphingopyxis_terrae",0,0,0,0,0,0,0,0,0,0,0,0,0,0,0,0,0,0,0,0
"Fusobacterium_necrogenes",0,0,0,0,0,0,0,0,0,0,0,0,0,0,0,0,0,0,0,0
"Neisseria_macacae",0,0,0,0,0,0,0,0,0,0,0,0,0,0,0,0,0,0,0,0
"Ileibacterium_valens",0,0,0,0,0,0,0,0,0,0,0,0,0,0,0,0,0,0,0,0
"Leuconostoc_kimchii",0,0,0,0,0,0,0,0,0,0,0,0,0,0,0,0,0,0,0,0
"Pseudoalteromonas_tetraodonis",0,0,0,0,0,0,0,0,0,0,0,0,0,0,0,0,0,0,0,0
"Meiothermus_silvanus",0,0,0,0,0,0,0,0,0,0,0,0,0,0,0,0,0,0,0,0
"Pseudoalteromonas_undina",0,0,0,0,0,0,0,0,0,0,0,0,0,0,0,0,0,0,0,0
"Pseudoalteromonas_nigrifaciens",0,0,0,0,0,0,0,0,0,0,0,0,0,0,0,0,0,0,0,0
"Providencia_stuartii",0,0,0,0,0,0,0,0,0,0,0,0,0,0,0,0,0,0,0,0
"Clostridium_argentinense",0,0,0,0,0,0,0,0,0,0,0,0,0,0,0,0,0,0,0,0
"Lachnoclostridium_phytofermentans",0,0,0,0,0,0,0,0,0,0,0,0,0,0,0,0,0,0,0,0
"Bacteroides_xylanolyticus",0,0,0,0,0,0,0,0,0,0,0,0,0,0,0,0,0,0,0,0
"Staphylococcus_sciuri",0,0,0,0,0,0,0,0,0,0,0,0,0,0,0,0,0,0,0,0
"Staphylococcus_gallinarum",0,0,0,0,0,0,0,0,0,0,0,0,0,0,0,0,0,0,0,0
"Staphylococcus_kloosii",0,0,0,0,0,0,0,0,0,0,0,0,0,0,0,0,0,0,0,0
"Bacillus_megaterium",0,0,0,0,0,0,0,0,0,0,0,0,0,0,0,0,0,0,0,0
"Prauserella_sp_Am3",0,0,0,0,0,0,0,0,0,0,0,0,0,0,0,0,0,0,0,0
"Bacillus_stratosphericus",0,0,0,0,0,0,0,0,0,0,0,0,0,0,0,0,0,0,0,0
"Bacillus_altitudinis",0,0,0,0,0,0,0,0,0,0,0,0,0,0,0,0,0,0,0,0
"Staphylococcus_capitis",0,0,0,0,0,0,0,0,0,0,0,0,0,0,0,0,0,0,0,0
"Aerococcus_viridans",0,0,0,0,0,0,0,0,0,0,0,0,0,0,0,0,0,0,0,0
"Bacteroides_pyogenes",0,0,0,0,0,0,0,0,0,0,0,0,0,0,0,0,0,0,0,0
"Selenomonas_sp_FOBRC6",0,0,0,0,0,0,0,0,0,0,0,0,0,0,0,0,0,0,0,0
"Selenomonas_flueggei",0,0,0,0,0,0,0,0,0,0,0,0,0,0,0,0,0,0,0,0
"Leptotrichia_sp_oral_taxon_847",0,0,0,0,0,0,0,0,0,0,0,0,0,0,0,0,0,0,0,0
"Lactobacillus_ingluviei",0,0,0,0,0,0,0,0,0,0,0,0,0,0,0,0,0,0,0,0
"Helicobacter_equorum",0,0,0,0,0,0,0,0,0,0,0,0,0,0,0,0,0,0,0,0
"Selenomonas_sp_oral_taxon_892",0,0,0,0,0,0,0,0,0,0,0,0,0,0,0,0,0,0,0,0
"Aeromonas_allosaccharophila",0,0,0,0,0,0,0,0,0,0,0,0,0,0,0,0,0,0,0,0
"Campylobacter_curvus",0,0,0,0,0,0,0,0,0,0,0,0,0,0,0,0,0,0,0,0
"Selenomonas_sp_oral_taxon_126",0,0,0,0,0,0,0,0,0,0,0,0,0,0,0,0,0,0,0,0
"Prevotella_scopos",0,0,0,0,0,0,0,0,0,0,0,0,0,0,0,0,0,0,0,0
"Campylobacter_mucosalis",0,0,0,0,0,0,0,0,0,0,0,0,0,0,0,0,0,0,0,0
"Leptotrichia_sp_oral_taxon_498",0,0,0,0,0,0,0,0,0,0,0,0,0,0,0,0,0,0,0,0
"Ottowia_sp_oral_taxon_894",0,0,0,0,0,0,0,0,0,0,0,0,0,0,0,0,0,0,0,0
"Agitococcus_lubricus",0,0,0,0,0,0,0,0,0,0,0,0,0,0,0,0,0,0,0,0
"Leptotrichia_buccalis",0,0,0,0,0,0,0,0,0,0,0,0,0,0,0,0,0,0,0,0
"Campylobacter_rectus",0,0,0,0,0,0,0,0,0,0,0,0,0,0,0,0,0,0,0,0
"Prevotella_baroniae",0,0,0,0,0,0,0,0,0,0,0,0,0,0,0,0,0,0,0,0
"Selenomonas_infelix",0,0,0,0,0,0,0,0,0,0,0,0,0,0,0,0,0,0,0,0
"Capnocytophaga_gingivalis",0,0,0,0,0,0,0,0,0,0,0,0,0,0,0,0,0,0,0,0
"Romboutsia_lituseburensis",0,0,0,0,0,0,0,0,0,0,0,0,0,0,0,0,0,0,0,0
"Haemophilus_aegyptius",0,0,0,0,0,0,0,0,0,0,0,0,0,0,0,0,0,0,0,0
"Kosakonia_radicincitans",0,0,0,0,0,0,0,0,0,0,0,0,0,0,0,0,0,0,0,0
"Porphyromonas_sp_oral_taxon_278",0,0,0,0,0,0,0,0,0,0,0,0,0,0,0,0,0,0,0,0
"Oenococcus_alcoholitolerans",0,0,0,0,0,0,0,0,0,0,0,0,0,0,0,0,0,0,0,0
"Capnocytophaga_sputigena",0,0,0,0,0,0,0,0,0,0,0,0,0,0,0,0,0,0,0,0
"Neisseria_polysaccharea",0,0,0,0,0,0,0,0,0,0,0,0,0,0,0,0,0,0,0,0
"Treponema_socranskii",0,0,0,0,0,0,0,0,0,0,0,0,0,0,0,0,0,0,0,0
"Treponema_denticola",0,0,0,0,0,0,0,0,0,0,0,0,0,0,0,0,0,0,0,0
"Tannerella_forsythia",0,0,0,0,0,0,0,0,0,0,0,0,0,0,0,0,0,0,0,0
"Treponema_maltophilum",0,0,0,0,0,0,0,0,0,0,0,0,0,0,0,0,0,0,0,0
"Tannerella_sp_oral_taxon_808",0,0,0,0,0,0,0,0,0,0,0,0,0,0,0,0,0,0,0,0
"Staphylococcus_argenteus",0,0,0,0,0,0,0,0,0,0,0,0,0,0,0,0,0,0,0,0
"Prevotella_marshii",0,0,0,0,0,0,0,0,0,0,0,0,0,0,0,0,0,0,0,0
"Bifidobacterium_merycicum",0,0,0,0,0,0,0,0,0,0,0,0,0,0,0,0,0,0,0,0
"Pseudomonas_fluorescens_group",0,0,0,0,0,0,0,0,0,0,0,0,0,0,0,0,0,0,0,0
"Variovorax_paradoxus",0,0,0,0,0,0,0,0,0,0,0,0,0,0,0,0,0,0,0,0
"Pseudomonas_yamanorum",0,0,0,0,0,0,0,0,0,0,0,0,0,0,0,0,0,0,0,0
"Mesorhizobium_sp_UASWS1009",0,0,0,0,0,0,0,0,0,0,0,0,0,0,0,0,0,0,0,0
"Chryseobacterium_scophthalmum",0,0,0,0,0,0,0,0,0,0,0,0,0,0,0,0,0,0,0,0
"Chlorogloea_sp_CCALA_695",0,0,0,0,0,0,0,0,0,0,0,0,0,0,0,0,0,0,0,0
"Methylorubrum_populi",0,0,0,0,0,0,0,0,0,0,0,0,0,0,0,0,0,0,0,0
"Lysinibacillus_sp_B2A1",0,0,0,0,0,0,0,0,0,0,0,0,0,0,0,0,0,0,0,0
"Zymomonas_mobilis",0,0,0,0,0,0,0,0,0,0,0,0,0,0,0,0,0,0,0,0
"Enterococcus_phoeniculicola",0,0,0,0,0,0,0,0,0,0,0,0,0,0,0,0,0,0,0,0
"Ralstonia_insidiosa",0,0,0,0,0,0,0,0,0,0,0,0,0,0,0,0,0,0,0,0
"Eikenella_sp_NML02_A_017",0,0,0,0,0,0,0,0,0,0,0,0,0,0,0,0,0,0,0,0
"Pasteurella_canis",0,0,0,0,0,0,0,0,0,0,0,0,0,0,0,0,0,0,0,0
"Desulfomicrobium_orale",0,0,0,0,0,0,0,0,0,0,0,0,0,0,0,0,0,0,0,0
"Flavobacterium_sp_FEMGT703F",0,0,0,0,0,0,0,0,0,0,0,0,0,0,0,0,0,0,0,0
"Sediminibacterium_sp_FEMGT703S",0,0,0,0,0,0,0,0,0,0,0,0,0,0,0,0,0,0,0,0
"Tychonema_bourrellyi",0,0,0,0,0,0,0,0,0,0,0,0,0,0,0,0,0,0,0,0
"Tepidimonas_fonticaldi",0,0,0,0,0,0,0,0,0,0,0,0,0,0,0,0,0,0,0,0
"Acetivibrio_ethanolgignens",0,0,0,0,0,0,0,0,0,0,0,0,0,0,0,0,0,0,0,0
"Lactobacillus_intestinalis",0,0,0,0,0,0,0,0,0,0,0,0,0,0,0,0,0,0,0,0
"Vagococcus_teuberi",0,0,0,0,0,0,0,0,0,0,0,0,0,0,0,0,0,0,0,0
"Filifactor_alocis",0,0,0,0,0,0,0,0,0,0,0,0,0,0,0,0,0,0,0,0
"Peptoanaerobacter_stomatis",0,0,0,0,0,0,0,0,0,0,0,0,0,0,0,0,0,0,0,0
"Catonella_morbi",0,0,0,0,0,0,0,0,0,0,0,0,0,0,0,0,0,0,0,0
"Moraxella_catarrhalis",0,0,0,0,0,0,0,0,0,0,0,0,0,0,0,0,0,0,0,0
"Klebsiella_grimontii",0,0,0,0,0,0,0,0,0,0,0,0,0,0,0,0,0,0,0,0
"Treponema_vincentii",0,0,0,0,0,0,0,0,0,0,0,0,0,0,0,0,0,0,0,0
"Enterococcus_canis",0,0,0,0,0,0,0,0,0,0,0,0,0,0,0,0,0,0,0,0
"Treponema_medium",0,0,0,0,0,0,0,0,0,0,0,0,0,0,0,0,0,0,0,0
"Serratia_proteamaculans",0,0,0,0,0,0,0,0,0,0,0,0,0,0,0,0,0,0,0,0
"Treponema_sp_OMZ_838",0,0,0,0,0,0,0,0,0,0,0,0,0,0,0,0,0,0,0,0
"Thermus_scotoductus",0,0,0,0,0,0,0,0,0,0,0,0,0,0,0,0,0,0,0,0
"Photobacterium_damselae",0,0,0,0,0,0,0,0,0,0,0,0,0,0,0,0,0,0,0,0
"Dolosigranulum_pigrum",0,0,0,0,0,0,0,0,0,0,0,0,0,0,0,0,0,0,0,0
"Edwardsiella_tarda",0,0,0,0,0,0,0,0,0,0,0,0,0,0,0,0,0,0,0,0
"Aerococcus_christensenii",0,0,0,0,0,0,0,0,0,0,0,0,0,0,0,0,0,0,0,0
"Lelliottia_jeotgali",0,0,0,0,0,0,0,0,0,0,0,0,0,0,0,0,0,0,0,0
"Corynebacterium_simulans",0,0,0,0,0,0,0,0,0,0,0,0,0,0,0,0,0,0,0,0
"Kluyvera_intermedia",0,0,0,0,0,0,0,0,0,0,0,0,0,0,0,0,0,0,0,0
"Phytobacter_ursingii",0,0,0,0,0,0,0,0,0,0,0,0,0,0,0,0,0,0,0,0
"Paraburkholderia_tropica",0,0,0,0,0,0,0,0,0,0,0,0,0,0,0,0,0,0,0,0
"Prevotella_sp_MGM2",0,0,0,0,0,0,0,0,0,0,0,0,0,0,0,0,0,0,0,0
"Elizabethkingia_anophelis",0,0,0,0,0,0,0,0,0,0,0,0,0,0,0,0,0,0,0,0
"Rahnella_aquatilis",0,0,0,0,0,0,0,0,0,0,0,0,0,0,0,0,0,0,0,0
"Rodentibacter_heylii",0,0,0,0,0,0,0,0,0,0,0,0,0,0,0,0,0,0,0,0
"Vibrio_furnissii",0,0,0,0,0,0,0,0,0,0,0,0,0,0,0,0,0,0,0,0
"Weissella_minor",0,0,0,0,0,0,0,0,0,0,0,0,0,0,0,0,0,0,0,0
"Porphyromonas_canoris",0,0,0,0,0,0,0,0,0,0,0,0,0,0,0,0,0,0,0,0
"Bifidobacterium_thermacidophilum",0,0,0,0,0,0,0,0,0,0,0,0,0,0,0,0,0,0,0,0
"Pantoea_brenneri",0,0,0,0,0,0,0,0,0,0,0,0,0,0,0,0,0,0,0,0
"Pseudomonas_simiae",0,0,0,0,0,0,0,0,0,0,0,0,0,0,0,0,0,0,0,0
"Anaerococcus_tetradius",0,0,0,0,0,0,0,0,0,0,0,0,0,0,0,0,0,0,0,0
"Lactococcus_plantarum",0,0,0,0,0,0,0,0,0,0,0,0,0,0,0,0,0,0,0,0
"Bifidobacterium_mongoliense",0,0,0,0,0,0,0,0,0,0,0,0,0,0,0,0,0,0,0,0
"Sodalis_praecaptivus",0,0,0,0,0,0,0,0,0,0,0,0,0,0,0,0,0,0,0,0
"Eremococcus_coleocola",0,0,0,0,0,0,0,0,0,0,0,0,0,0,0,0,0,0,0,0
"Leucobacter_sp_7_1",0,0,0,0,0,0,0,0,0,0,0,0,0,0,0,0,0,0,0,0
"Leucobacter_komagatae",0,0,0,0,0,0,0,0,0,0,0,0,0,0,0,0,0,0,0,0
"Desulfotomaculum_ruminis",0,0,0,0,0,0,0,0,0,0,0,0,0,0,0,0,0,0,0,0
"Methanobacterium_sp_MB1",0,0,0,0,0,0,0,0,0,0,0,0,0,0,0,0,0,0,0,0
"Haemophilus_sp_C1",0,0,0,0,0,0,0,0,0,0,0,0,0,0,0,0,0,0,0,0
"Weissella_hellenica",0,0,0,0,0,0,0,0,0,0,0,0,0,0,0,0,0,0,0,0
"Corynebacterium_pseudodiphtheriticum",0,0,0,0,0,0,0,0,0,0,0,0,0,0,0,0,0,0,0,0
"Lactobacillus_crustorum",0,0,0,0,0,0,0,0,0,0,0,0,0,0,0,0,0,0,0,0
"Alkaliphilus_oremlandii",0,0,0,0,0,0,0,0,0,0,0,0,0,0,0,0,0,0,0,0
"Paenibacillus_polysaccharolyticus",0,0,0,0,0,0,0,0,0,0,0,0,0,0,0,0,0,0,0,0
"Lactobacillus_frumenti",0,0,0,0,0,0,0,0,0,0,0,0,0,0,0,0,0,0,0,0
"Geobacillus_stearothermophilus",0,0,0,0,0,0,0,0,0,0,0,0,0,0,0,0,0,0,0,0
"Corynebacterium_falsenii",0,0,0,0,0,0,0,0,0,0,0,0,0,0,0,0,0,0,0,0
"Mycobacterium_avium",0,0,0,0,0,0,0,0,0,0,0,0,0,0,0,0,0,0,0,0
"Oligella_ureolytica",0,0,0,0,0,0,0,0,0,0,0,0,0,0,0,0,0,0,0,0
"Paenibacillus_sp_7884_2",0,0,0,0,0,0,0,0,0,0,0,0,0,0,0,0,0,0,0,0
